0.0007,Graph01
0.0008,16181
0.0005,mm
0.0004,'0.0001'
0.0008
0.0000
0.0008
0.0007
0.0006
0.0008
0.0010
0.0006
0.0006
0.0008
0.0011
0.0009
0.0009
0.0010
0.0012
0.0010
0.0014
0.0008
0.0014
0.0013
0.0015
0.0013
0.0010
0.0019
0.0014
0.0019
0.0012
0.0010
0.0012
0.0011
0.0012
0.0013
0.0010
0.0013
0.0015
0.0008
0.0013
0.0015
0.0014
0.0011
0.0013
0.0014
0.0017
0.0009
0.0013
0.0011
0.0014
0.0016
0.0013
0.0015
0.0011
0.0013
0.0012
0.0011
0.0015
0.0013
0.0013
0.0017
0.0013
0.0009
0.0009
0.0010
0.0015
0.0018
0.0012
0.0015
0.0016
0.0015
0.0013
0.0017
0.0017
0.0015
0.0019
0.0013
0.0013
0.0015
0.0014
0.0016
0.0013
0.0014
0.0018
0.0013
0.0013
0.0012
0.0012
0.0017
0.0014
0.0014
0.0014
0.0013
0.0011
0.0012
0.0011
0.0005
0.0016
0.0011
0.0005
0.0013
0.0013
0.0012
0.0018
0.0017
0.0013
0.0016
0.0010
0.0017
0.0021
0.0016
0.0015
0.0013
0.0012
0.0014
0.0016
0.0015
0.0013
0.0015
0.0012
0.0011
0.0014
0.0014
0.0014
0.0013
0.0016
0.0013
0.0015
0.0015
0.0014
0.0014
0.0015
0.0013
0.0011
0.0016
0.0012
0.0015
0.0016
0.0013
0.0018
0.0016
0.0016
0.0021
0.0021
0.0010
0.0020
0.0014
0.0010
0.0018
0.0011
0.0014
0.0014
0.0016
0.0012
0.0013
0.0018
0.0016
0.0016
0.0012
0.0017
0.0012
0.0016
0.0015
0.0015
0.0012
0.0013
0.0014
0.0014
0.0016
0.0009
0.0012
0.0013
0.0013
0.0012
0.0016
0.0010
0.0011
0.0013
0.0013
0.0013
0.0015
0.0014
0.0015
0.0017
0.0015
0.0016
0.0010
0.0014
0.0016
0.0012
0.0010
0.0012
0.0012
0.0015
0.0012
0.0013
0.0013
0.0010
0.0013
0.0013
0.0013
0.0014
0.0014
0.0019
0.0018
0.0011
0.0010
0.0015
0.0010
0.0012
0.0014
0.0015
0.0015
0.0014
0.0016
0.0010
0.0013
0.0008
0.0020
0.0014
0.0014
0.0015
0.0016
0.0014
0.0015
0.0015
0.0015
0.0016
0.0016
0.0013
0.0015
0.0012
0.0013
0.0011
0.0013
0.0012
0.0015
0.0015
0.0015
0.0014
0.0018
0.0016
0.0012
0.0009
0.0017
0.0012
0.0011
0.0012
0.0012
0.0016
0.0013
0.0017
0.0018
0.0017
0.0018
0.0016
0.0021
0.0015
0.0013
0.0014
0.0013
0.0015
0.0011
0.0012
0.0014
0.0016
0.0013
0.0018
0.0017
0.0015
0.0015
0.0013
0.0013
0.0015
0.0012
0.0014
0.0014
0.0013
0.0015
0.0011
0.0010
0.0010
0.0016
0.0015
0.0018
0.0012
0.0011
0.0010
0.0008
0.0011
0.0011
0.0013
0.0008
0.0012
0.0014
0.0012
0.0013
0.0014
0.0017
0.0015
0.0016
0.0014
0.0018
0.0017
0.0014
0.0015
0.0010
0.0014
0.0015
0.0018
0.0014
0.0014
0.0014
0.0004
0.0010
0.0018
0.0014
0.0010
0.0012
0.0016
0.0014
0.0015
0.0016
0.0012
0.0021
0.0012
0.0011
0.0015
0.0010
0.0020
0.0017
0.0014
0.0015
0.0014
0.0017
0.0012
0.0015
0.0017
0.0011
0.0011
0.0015
0.0012
0.0012
0.0009
0.0012
0.0014
0.0017
0.0020
0.0012
0.0013
0.0015
0.0015
0.0012
0.0012
0.0013
0.0018
0.0012
0.0016
0.0013
0.0013
0.0016
0.0011
0.0016
0.0010
0.0009
0.0013
0.0012
0.0012
0.0013
0.0016
0.0012
0.0008
0.0014
0.0015
0.0018
0.0013
0.0017
0.0012
0.0015
0.0014
0.0013
0.0015
0.0017
0.0011
0.0018
0.0018
0.0011
0.0012
0.0012
0.0016
0.0008
0.0011
0.0013
0.0013
0.0012
0.0010
0.0016
0.0013
0.0016
0.0011
0.0012
0.0011
0.0015
0.0019
0.0017
0.0016
0.0012
0.0018
0.0016
0.0013
0.0010
0.0015
0.0013
0.0017
0.0012
0.0017
0.0014
0.0017
0.0018
0.0017
0.0015
0.0018
0.0017
0.0013
0.0013
0.0012
0.0016
0.0017
0.0016
0.0017
0.0013
0.0013
0.0018
0.0015
0.0011
0.0015
0.0019
0.0017
0.0011
0.0017
0.0013
0.0017
0.0016
0.0016
0.0013
0.0013
0.0015
0.0014
0.0013
0.0012
0.0013
0.0014
0.0014
0.0011
0.0022
0.0014
0.0009
0.0014
0.0013
0.0010
0.0014
0.0015
0.0018
0.0007
0.0016
0.0014
0.0015
0.0013
0.0018
0.0014
0.0016
0.0010
0.0016
0.0014
0.0013
0.0010
0.0019
0.0019
0.0016
0.0016
0.0013
0.0017
0.0016
0.0017
0.0014
0.0015
0.0014
0.0010
0.0013
0.0016
0.0017
0.0012
0.0017
0.0014
0.0013
0.0017
0.0013
0.0013
0.0018
0.0015
0.0016
0.0014
0.0020
0.0018
0.0012
0.0017
0.0013
0.0018
0.0013
0.0010
0.0012
0.0017
0.0014
0.0016
0.0012
0.0015
0.0012
0.0014
0.0010
0.0017
0.0017
0.0014
0.0012
0.0013
0.0014
0.0014
0.0015
0.0015
0.0014
0.0013
0.0018
0.0015
0.0014
0.0011
0.0013
0.0009
0.0014
0.0016
0.0015
0.0015
0.0012
0.0014
0.0012
0.0010
0.0015
0.0010
0.0015
0.0017
0.0014
0.0016
0.0014
0.0015
0.0020
0.0013
0.0016
0.0012
0.0014
0.0015
0.0015
0.0015
0.0017
0.0017
0.0016
0.0016
0.0016
0.0023
0.0015
0.0019
0.0013
0.0015
0.0014
0.0012
0.0010
0.0015
0.0016
0.0014
0.0016
0.0017
0.0019
0.0012
0.0015
0.0012
0.0018
0.0019
0.0012
0.0016
0.0011
0.0013
0.0011
0.0006
0.0014
0.0015
0.0012
0.0014
0.0013
0.0016
0.0013
0.0013
0.0014
0.0009
0.0015
0.0013
0.0012
0.0010
0.0012
0.0013
0.0012
0.0014
0.0014
0.0011
0.0010
0.0010
0.0019
0.0020
0.0013
0.0016
0.0012
0.0014
0.0015
0.0013
0.0016
0.0013
0.0012
0.0015
0.0016
0.0012
0.0017
0.0017
0.0013
0.0013
0.0014
0.0017
0.0019
0.0013
0.0013
0.0017
0.0014
0.0012
0.0021
0.0017
0.0015
0.0014
0.0012
0.0014
0.0010
0.0014
0.0013
0.0015
0.0015
0.0011
0.0014
0.0013
0.0017
0.0016
0.0017
0.0014
0.0011
0.0017
0.0017
0.0012
0.0013
0.0014
0.0015
0.0013
0.0015
0.0014
0.0018
0.0015
0.0011
0.0010
0.0012
0.0020
0.0012
0.0014
0.0012
0.0012
0.0012
0.0015
0.0012
0.0012
0.0016
0.0013
0.0016
0.0013
0.0015
0.0015
0.0017
0.0013
0.0016
0.0007
0.0014
0.0014
0.0017
0.0016
0.0018
0.0013
0.0014
0.0013
0.0012
0.0014
0.0010
0.0016
0.0014
0.0014
0.0009
0.0012
0.0010
0.0009
0.0012
0.0012
0.0014
0.0012
0.0011
0.0019
0.0019
0.0014
0.0015
0.0010
0.0012
0.0011
0.0013
0.0018
0.0011
0.0011
0.0011
0.0014
0.0009
0.0014
0.0019
0.0013
0.0016
0.0018
0.0014
0.0020
0.0018
0.0016
0.0015
0.0017
0.0009
0.0012
0.0010
0.0012
0.0014
0.0009
0.0014
0.0014
0.0016
0.0015
0.0013
0.0014
0.0018
0.0019
0.0013
0.0009
0.0014
0.0011
0.0012
0.0010
0.0017
0.0020
0.0015
0.0018
0.0012
0.0015
0.0012
0.0018
0.0016
0.0015
0.0007
0.0012
0.0018
0.0014
0.0016
0.0012
0.0017
0.0016
0.0019
0.0020
0.0017
0.0014
0.0013
0.0017
0.0013
0.0016
0.0009
0.0011
0.0013
0.0014
0.0012
0.0016
0.0012
0.0011
0.0013
0.0017
0.0011
0.0016
0.0017
0.0019
0.0012
0.0008
0.0012
0.0012
0.0015
0.0013
0.0012
0.0016
0.0009
0.0016
0.0012
0.0014
0.0015
0.0013
0.0014
0.0018
0.0016
0.0015
0.0018
0.0020
0.0015
0.0017
0.0014
0.0010
0.0015
0.0012
0.0011
0.0017
0.0013
0.0011
0.0015
0.0017
0.0016
0.0007
0.0013
0.0008
0.0013
0.0016
0.0013
0.0013
0.0013
0.0016
0.0010
0.0015
0.0013
0.0011
0.0020
0.0012
0.0015
0.0013
0.0013
0.0016
0.0014
0.0014
0.0013
0.0009
0.0011
0.0012
0.0012
0.0017
0.0011
0.0013
0.0014
0.0015
0.0010
0.0015
0.0015
0.0012
0.0012
0.0016
0.0012
0.0018
0.0017
0.0016
0.0018
0.0015
0.0012
0.0012
0.0010
0.0010
0.0008
0.0006
0.0010
0.0016
0.0016
0.0012
0.0013
0.0013
0.0014
0.0018
0.0012
0.0013
0.0014
0.0008
0.0016
0.0009
0.0011
0.0011
0.0014
0.0012
0.0011
0.0012
0.0013
0.0010
0.0011
0.0012
0.0015
0.0012
0.0018
0.0016
0.0016
0.0009
0.0012
0.0015
0.0011
0.0017
0.0017
0.0015
0.0014
0.0016
0.0012
0.0020
0.0013
0.0014
0.0012
0.0016
0.0016
0.0017
0.0016
0.0013
0.0012
0.0019
0.0015
0.0015
0.0012
0.0014
0.0013
0.0010
0.0010
0.0013
0.0014
0.0018
0.0015
0.0009
0.0016
0.0017
0.0014
0.0015
0.0014
0.0014
0.0016
0.0014
0.0016
0.0011
0.0011
0.0016
0.0012
0.0012
0.0012
0.0013
0.0014
0.0015
0.0014
0.0015
0.0013
0.0013
0.0010
0.0013
0.0015
0.0012
0.0012
0.0013
0.0012
0.0018
0.0015
0.0011
0.0012
0.0014
0.0012
0.0016
0.0016
0.0010
0.0013
0.0014
0.0017
0.0012
0.0015
0.0020
0.0016
0.0014
0.0012
0.0013
0.0013
0.0014
0.0015
0.0019
0.0017
0.0015
0.0014
0.0018
0.0012
0.0007
0.0010
0.0014
0.0015
0.0016
0.0015
0.0011
0.0015
0.0015
0.0013
0.0014
0.0017
0.0020
0.0015
0.0016
0.0017
0.0014
0.0013
0.0020
0.0012
0.0014
0.0012
0.0017
0.0014
0.0011
0.0010
0.0017
0.0015
0.0015
0.0020
0.0013
0.0009
0.0016
0.0011
0.0008
0.0010
0.0017
0.0015
0.0014
0.0016
0.0016
0.0015
0.0017
0.0014
0.0014
0.0015
0.0020
0.0012
0.0015
0.0012
0.0014
0.0013
0.0012
0.0015
0.0013
0.0015
0.0014
0.0016
0.0016
0.0009
0.0014
0.0016
0.0013
0.0015
0.0012
0.0012
0.0015
0.0013
0.0015
0.0013
0.0012
0.0015
0.0011
0.0014
0.0009
0.0017
0.0013
0.0014
0.0011
0.0016
0.0017
0.0010
0.0011
0.0016
0.0012
0.0011
0.0013
0.0012
0.0016
0.0013
0.0015
0.0011
0.0016
0.0008
0.0013
0.0011
0.0012
0.0012
0.0013
0.0010
0.0014
0.0013
0.0016
0.0017
0.0021
0.0016
0.0017
0.0013
0.0019
0.0013
0.0014
0.0008
0.0013
0.0013
0.0015
0.0016
0.0016
0.0016
0.0012
0.0013
0.0016
0.0009
0.0012
0.0011
0.0013
0.0016
0.0012
0.0008
0.0014
0.0011
0.0013
0.0016
0.0013
0.0015
0.0013
0.0019
0.0013
0.0012
0.0017
0.0012
0.0022
0.0017
0.0020
0.0018
0.0015
0.0016
0.0015
0.0013
0.0014
0.0012
0.0010
0.0015
0.0009
0.0008
0.0012
0.0013
0.0013
0.0010
0.0012
0.0013
0.0014
0.0008
0.0012
0.0017
0.0010
0.0014
0.0013
0.0011
0.0017
0.0015
0.0008
0.0012
0.0013
0.0013
0.0015
0.0015
0.0012
0.0011
0.0011
0.0017
0.0011
0.0016
0.0011
0.0015
0.0019
0.0018
0.0014
0.0008
0.0010
0.0011
0.0013
0.0016
0.0016
0.0014
0.0011
0.0013
0.0012
0.0011
0.0016
0.0013
0.0017
0.0014
0.0009
0.0010
0.0015
0.0013
0.0014
0.0014
0.0012
0.0016
0.0011
0.0017
0.0018
0.0012
0.0010
0.0014
0.0017
0.0014
0.0020
0.0017
0.0024
0.0014
0.0017
0.0018
0.0017
0.0016
0.0014
0.0020
0.0011
0.0017
0.0018
0.0019
0.0013
0.0018
0.0013
0.0013
0.0019
0.0017
0.0013
0.0014
0.0014
0.0020
0.0016
0.0021
0.0017
0.0017
0.0017
0.0021
0.0014
0.0019
0.0017
0.0018
0.0017
0.0013
0.0015
0.0014
0.0019
0.0016
0.0022
0.0013
0.0019
0.0015
0.0015
0.0018
0.0014
0.0020
0.0022
0.0019
0.0016
0.0019
0.0014
0.0020
0.0017
0.0014
0.0014
0.0017
0.0014
0.0018
0.0013
0.0014
0.0019
0.0016
0.0016
0.0013
0.0018
0.0010
0.0016
0.0021
0.0021
0.0017
0.0019
0.0019
0.0015
0.0016
0.0018
0.0013
0.0013
0.0013
0.0011
0.0018
0.0013
0.0016
0.0017
0.0019
0.0014
0.0019
0.0015
0.0015
0.0018
0.0017
0.0016
0.0019
0.0018
0.0018
0.0016
0.0015
0.0016
0.0017
0.0014
0.0018
0.0022
0.0019
0.0020
0.0018
0.0016
0.0016
0.0014
0.0017
0.0018
0.0020
0.0021
0.0018
0.0019
0.0016
0.0018
0.0018
0.0022
0.0014
0.0016
0.0019
0.0017
0.0017
0.0016
0.0017
0.0021
0.0020
0.0019
0.0023
0.0016
0.0012
0.0016
0.0016
0.0021
0.0018
0.0019
0.0017
0.0016
0.0017
0.0018
0.0018
0.0019
0.0017
0.0014
0.0018
0.0020
0.0019
0.0020
0.0019
0.0015
0.0016
0.0015
0.0020
0.0021
0.0013
0.0019
0.0017
0.0016
0.0013
0.0016
0.0014
0.0017
0.0011
0.0015
0.0020
0.0016
0.0017
0.0012
0.0012
0.0013
0.0019
0.0017
0.0014
0.0011
0.0012
0.0015
0.0016
0.0017
0.0016
0.0018
0.0017
0.0012
0.0012
0.0012
0.0016
0.0016
0.0017
0.0015
0.0016
0.0018
0.0018
0.0015
0.0014
0.0017
0.0018
0.0016
0.0016
0.0018
0.0020
0.0021
0.0016
0.0011
0.0014
0.0014
0.0015
0.0016
0.0017
0.0017
0.0016
0.0017
0.0016
0.0014
0.0013
0.0016
0.0014
0.0014
0.0016
0.0017
0.0013
0.0019
0.0019
0.0019
0.0019
0.0018
0.0013
0.0015
0.0016
0.0018
0.0013
0.0015
0.0017
0.0012
0.0016
0.0017
0.0013
0.0019
0.0015
0.0013
0.0020
0.0011
0.0014
0.0017
0.0017
0.0013
0.0011
0.0009
0.0013
0.0023
0.0024
0.0029
0.0026
0.0026
0.0024
0.0022
0.0021
0.0021
0.0026
0.0020
0.0025
0.0022
0.0021
0.0024
0.0023
0.0024
0.0026
0.0023
0.0025
0.0026
0.0021
0.0033
0.0024
0.0027
0.0024
0.0028
0.0026
0.0031
0.0025
0.0021
0.0022
0.0023
0.0020
0.0027
0.0023
0.0021
0.0023
0.0024
0.0029
0.0028
0.0024
0.0029
0.0025
0.0027
0.0024
0.0025
0.0025
0.0025
0.0025
0.0026
0.0021
0.0022
0.0021
0.0022
0.0027
0.0026
0.0022
0.0024
0.0028
0.0020
0.0025
0.0025
0.0024
0.0023
0.0022
0.0025
0.0025
0.0029
0.0025
0.0023
0.0021
0.0021
0.0023
0.0022
0.0026
0.0021
0.0022
0.0029
0.0025
0.0022
0.0025
0.0023
0.0022
0.0023
0.0020
0.0026
0.0021
0.0023
0.0025
0.0023
0.0027
0.0021
0.0025
0.0023
0.0021
0.0023
0.0022
0.0025
0.0022
0.0026
0.0028
0.0024
0.0025
0.0027
0.0021
0.0025
0.0023
0.0026
0.0028
0.0019
0.0028
0.0024
0.0025
0.0027
0.0027
0.0021
0.0031
0.0025
0.0025
0.0027
0.0023
0.0022
0.0021
0.0023
0.0022
0.0024
0.0019
0.0022
0.0022
0.0022
0.0021
0.0028
0.0026
0.0024
0.0024
0.0023
0.0019
0.0022
0.0019
0.0022
0.0024
0.0024
0.0023
0.0024
0.0025
0.0022
0.0024
0.0020
0.0025
0.0021
0.0025
0.0027
0.0023
0.0023
0.0026
0.0027
0.0028
0.0027
0.0023
0.0023
0.0027
0.0021
0.0023
0.0027
0.0022
0.0022
0.0026
0.0025
0.0027
0.0025
0.0022
0.0031
0.0022
0.0026
0.0029
0.0020
0.0021
0.0027
0.0024
0.0022
0.0018
0.0024
0.0025
0.0026
0.0023
0.0020
0.0026
0.0024
0.0026
0.0023
0.0023
0.0020
0.0023
0.0027
0.0025
0.0025
0.0025
0.0024
0.0025
0.0024
0.0021
0.0028
0.0029
0.0029
0.0020
0.0026
0.0021
0.0028
0.0025
0.0024
0.0026
0.0023
0.0026
0.0023
0.0026
0.0025
0.0027
0.0025
0.0020
0.0022
0.0022
0.0026
0.0024
0.0022
0.0024
0.0023
0.0018
0.0026
0.0023
0.0027
0.0025
0.0022
0.0024
0.0023
0.0025
0.0029
0.0024
0.0025
0.0022
0.0024
0.0022
0.0025
0.0027
0.0027
0.0024
0.0026
0.0024
0.0022
0.0027
0.0028
0.0030
0.0027
0.0032
0.0027
0.0032
0.0032
0.0031
0.0035
0.0033
0.0032
0.0032
0.0032
0.0030
0.0035
0.0031
0.0030
0.0032
0.0028
0.0029
0.0032
0.0032
0.0031
0.0033
0.0031
0.0032
0.0036
0.0027
0.0032
0.0027
0.0027
0.0030
0.0030
0.0030
0.0031
0.0029
0.0032
0.0030
0.0032
0.0028
0.0034
0.0031
0.0032
0.0030
0.0032
0.0034
0.0033
0.0032
0.0029
0.0034
0.0029
0.0028
0.0030
0.0031
0.0032
0.0028
0.0030
0.0028
0.0030
0.0032
0.0026
0.0033
0.0031
0.0032
0.0032
0.0029
0.0031
0.0031
0.0035
0.0023
0.0030
0.0030
0.0031
0.0027
0.0029
0.0029
0.0033
0.0030
0.0036
0.0034
0.0030
0.0026
0.0029
0.0028
0.0027
0.0031
0.0029
0.0030
0.0029
0.0028
0.0029
0.0024
0.0033
0.0030
0.0026
0.0028
0.0031
0.0034
0.0029
0.0032
0.0030
0.0031
0.0027
0.0030
0.0030
0.0030
0.0031
0.0028
0.0032
0.0030
0.0029
0.0029
0.0028
0.0028
0.0033
0.0031
0.0029
0.0030
0.0035
0.0028
0.0031
0.0028
0.0029
0.0028
0.0031
0.0024
0.0029
0.0030
0.0032
0.0029
0.0025
0.0027
0.0028
0.0029
0.0028
0.0033
0.0029
0.0031
0.0028
0.0029
0.0034
0.0031
0.0034
0.0031
0.0035
0.0033
0.0031
0.0031
0.0032
0.0030
0.0034
0.0031
0.0033
0.0031
0.0027
0.0028
0.0029
0.0032
0.0034
0.0033
0.0030
0.0030
0.0034
0.0025
0.0028
0.0028
0.0035
0.0035
0.0033
0.0035
0.0031
0.0030
0.0035
0.0032
0.0033
0.0030
0.0031
0.0032
0.0030
0.0029
0.0026
0.0033
0.0033
0.0031
0.0033
0.0027
0.0032
0.0025
0.0035
0.0030
0.0029
0.0030
0.0027
0.0034
0.0028
0.0031
0.0027
0.0026
0.0032
0.0035
0.0032
0.0034
0.0028
0.0028
0.0032
0.0033
0.0032
0.0033
0.0036
0.0030
0.0032
0.0030
0.0031
0.0035
0.0037
0.0030
0.0033
0.0030
0.0029
0.0029
0.0034
0.0031
0.0029
0.0035
0.0031
0.0032
0.0028
0.0031
0.0030
0.0030
0.0030
0.0028
0.0037
0.0032
0.0027
0.0030
0.0032
0.0037
0.0032
0.0035
0.0028
0.0027
0.0027
0.0030
0.0030
0.0030
0.0025
0.0034
0.0034
0.0035
0.0030
0.0039
0.0039
0.0035
0.0034
0.0037
0.0039
0.0036
0.0037
0.0037
0.0038
0.0036
0.0038
0.0037
0.0039
0.0038
0.0034
0.0035
0.0036
0.0037
0.0035
0.0037
0.0041
0.0037
0.0037
0.0040
0.0036
0.0035
0.0038
0.0038
0.0034
0.0037
0.0031
0.0033
0.0040
0.0036
0.0034
0.0039
0.0040
0.0036
0.0041
0.0039
0.0035
0.0040
0.0037
0.0042
0.0034
0.0040
0.0038
0.0037
0.0038
0.0035
0.0032
0.0039
0.0037
0.0035
0.0036
0.0036
0.0037
0.0035
0.0035
0.0036
0.0036
0.0039
0.0034
0.0035
0.0038
0.0039
0.0036
0.0036
0.0034
0.0036
0.0039
0.0031
0.0035
0.0032
0.0042
0.0038
0.0039
0.0038
0.0039
0.0042
0.0038
0.0037
0.0033
0.0035
0.0034
0.0039
0.0040
0.0036
0.0040
0.0039
0.0034
0.0034
0.0036
0.0031
0.0035
0.0036
0.0034
0.0038
0.0033
0.0036
0.0038
0.0035
0.0040
0.0035
0.0036
0.0036
0.0035
0.0033
0.0033
0.0038
0.0038
0.0039
0.0041
0.0036
0.0039
0.0037
0.0037
0.0035
0.0034
0.0037
0.0038
0.0036
0.0033
0.0033
0.0036
0.0035
0.0038
0.0034
0.0036
0.0034
0.0036
0.0038
0.0036
0.0037
0.0037
0.0035
0.0040
0.0035
0.0037
0.0036
0.0038
0.0033
0.0037
0.0033
0.0040
0.0036
0.0039
0.0041
0.0036
0.0037
0.0039
0.0038
0.0033
0.0035
0.0033
0.0035
0.0037
0.0039
0.0038
0.0038
0.0033
0.0034
0.0038
0.0036
0.0030
0.0038
0.0035
0.0031
0.0033
0.0041
0.0037
0.0039
0.0036
0.0037
0.0036
0.0038
0.0038
0.0039
0.0039
0.0033
0.0043
0.0034
0.0035
0.0038
0.0036
0.0036
0.0035
0.0040
0.0039
0.0035
0.0038
0.0037
0.0036
0.0038
0.0034
0.0036
0.0037
0.0038
0.0040
0.0037
0.0036
0.0035
0.0035
0.0036
0.0038
0.0040
0.0037
0.0035
0.0037
0.0035
0.0038
0.0031
0.0035
0.0033
0.0034
0.0039
0.0036
0.0037
0.0037
0.0033
0.0038
0.0036
0.0032
0.0034
0.0036
0.0033
0.0037
0.0037
0.0034
0.0039
0.0042
0.0035
0.0042
0.0038
0.0038
0.0036
0.0037
0.0034
0.0035
0.0039
0.0039
0.0036
0.0034
0.0036
0.0035
0.0037
0.0035
0.0030
0.0039
0.0047
0.0046
0.0045
0.0046
0.0050
0.0050
0.0043
0.0046
0.0044
0.0045
0.0050
0.0048
0.0046
0.0047
0.0044
0.0046
0.0050
0.0047
0.0043
0.0048
0.0043
0.0048
0.0045
0.0044
0.0042
0.0045
0.0046
0.0048
0.0050
0.0049
0.0048
0.0042
0.0044
0.0044
0.0046
0.0049
0.0049
0.0047
0.0045
0.0041
0.0044
0.0046
0.0046
0.0046
0.0045
0.0043
0.0044
0.0047
0.0047
0.0044
0.0040
0.0044
0.0044
0.0042
0.0049
0.0045
0.0047
0.0045
0.0045
0.0046
0.0046
0.0046
0.0047
0.0047
0.0047
0.0047
0.0046
0.0045
0.0046
0.0043
0.0050
0.0047
0.0044
0.0043
0.0045
0.0047
0.0046
0.0044
0.0046
0.0046
0.0045
0.0047
0.0042
0.0043
0.0046
0.0048
0.0041
0.0047
0.0044
0.0045
0.0045
0.0046
0.0049
0.0044
0.0048
0.0044
0.0047
0.0050
0.0047
0.0046
0.0045
0.0045
0.0042
0.0044
0.0041
0.0048
0.0046
0.0044
0.0044
0.0047
0.0044
0.0045
0.0047
0.0046
0.0043
0.0047
0.0044
0.0046
0.0049
0.0043
0.0048
0.0044
0.0046
0.0041
0.0047
0.0043
0.0044
0.0047
0.0046
0.0044
0.0043
0.0044
0.0047
0.0045
0.0047
0.0044
0.0045
0.0045
0.0049
0.0044
0.0046
0.0048
0.0045
0.0046
0.0044
0.0045
0.0046
0.0047
0.0048
0.0051
0.0043
0.0047
0.0039
0.0046
0.0043
0.0048
0.0043
0.0041
0.0046
0.0042
0.0047
0.0044
0.0048
0.0040
0.0046
0.0048
0.0049
0.0049
0.0045
0.0049
0.0048
0.0045
0.0042
0.0046
0.0045
0.0045
0.0047
0.0047
0.0047
0.0041
0.0038
0.0048
0.0044
0.0043
0.0045
0.0048
0.0048
0.0040
0.0046
0.0047
0.0044
0.0042
0.0047
0.0046
0.0043
0.0048
0.0043
0.0047
0.0044
0.0044
0.0049
0.0044
0.0042
0.0046
0.0045
0.0047
0.0046
0.0044
0.0046
0.0044
0.0045
0.0046
0.0047
0.0048
0.0042
0.0044
0.0046
0.0050
0.0045
0.0044
0.0047
0.0045
0.0046
0.0049
0.0047
0.0046
0.0044
0.0043
0.0042
0.0043
0.0046
0.0045
0.0047
0.0044
0.0042
0.0043
0.0044
0.0045
0.0045
0.0042
0.0046
0.0046
0.0045
0.0044
0.0044
0.0041
0.0040
0.0044
0.0049
0.0049
0.0052
0.0054
0.0050
0.0054
0.0053
0.0048
0.0049
0.0052
0.0053
0.0053
0.0051
0.0047
0.0053
0.0052
0.0055
0.0055
0.0049
0.0054
0.0051
0.0053
0.0049
0.0055
0.0054
0.0053
0.0058
0.0053
0.0050
0.0052
0.0053
0.0052
0.0053
0.0051
0.0052
0.0053
0.0049
0.0054
0.0052
0.0049
0.0054
0.0054
0.0049
0.0051
0.0051
0.0051
0.0049
0.0053
0.0055
0.0052
0.0051
0.0052
0.0051
0.0052
0.0055
0.0052
0.0053
0.0053
0.0051
0.0051
0.0052
0.0053
0.0051
0.0056
0.0051
0.0053
0.0052
0.0053
0.0052
0.0053
0.0048
0.0051
0.0054
0.0055
0.0053
0.0053
0.0053
0.0052
0.0051
0.0049
0.0052
0.0051
0.0049
0.0055
0.0052
0.0055
0.0051
0.0051
0.0052
0.0054
0.0056
0.0051
0.0049
0.0051
0.0057
0.0055
0.0049
0.0049
0.0054
0.0050
0.0053
0.0051
0.0051
0.0053
0.0052
0.0050
0.0048
0.0054
0.0052
0.0049
0.0051
0.0052
0.0056
0.0056
0.0054
0.0051
0.0051
0.0055
0.0053
0.0046
0.0056
0.0057
0.0055
0.0053
0.0052
0.0052
0.0053
0.0051
0.0053
0.0053
0.0049
0.0053
0.0052
0.0054
0.0052
0.0049
0.0049
0.0056
0.0051
0.0055
0.0051
0.0053
0.0051
0.0053
0.0050
0.0050
0.0052
0.0054
0.0049
0.0056
0.0052
0.0056
0.0053
0.0052
0.0054
0.0053
0.0055
0.0050
0.0055
0.0053
0.0052
0.0050
0.0051
0.0052
0.0050
0.0051
0.0052
0.0052
0.0050
0.0052
0.0052
0.0054
0.0051
0.0054
0.0055
0.0055
0.0055
0.0054
0.0050
0.0050
0.0052
0.0054
0.0055
0.0051
0.0054
0.0052
0.0055
0.0049
0.0050
0.0053
0.0053
0.0052
0.0052
0.0055
0.0053
0.0053
0.0052
0.0054
0.0055
0.0056
0.0054
0.0051
0.0051
0.0053
0.0054
0.0049
0.0054
0.0053
0.0049
0.0053
0.0055
0.0053
0.0051
0.0050
0.0054
0.0058
0.0050
0.0056
0.0052
0.0049
0.0054
0.0051
0.0056
0.0053
0.0050
0.0053
0.0055
0.0053
0.0049
0.0056
0.0054
0.0049
0.0049
0.0051
0.0053
0.0051
0.0053
0.0053
0.0053
0.0054
0.0049
0.0053
0.0052
0.0055
0.0054
0.0050
0.0052
0.0050
0.0053
0.0051
0.0053
0.0054
0.0064
0.0065
0.0062
0.0064
0.0062
0.0060
0.0064
0.0059
0.0061
0.0060
0.0059
0.0065
0.0060
0.0059
0.0065
0.0061
0.0064
0.0061
0.0060
0.0062
0.0062
0.0062
0.0063
0.0064
0.0066
0.0063
0.0062
0.0061
0.0061
0.0064
0.0061
0.0061
0.0067
0.0064
0.0063
0.0059
0.0065
0.0059
0.0066
0.0062
0.0065
0.0064
0.0066
0.0063
0.0061
0.0064
0.0058
0.0060
0.0060
0.0063
0.0061
0.0061
0.0062
0.0062
0.0064
0.0059
0.0062
0.0064
0.0063
0.0063
0.0062
0.0059
0.0062
0.0061
0.0060
0.0063
0.0063
0.0063
0.0061
0.0065
0.0060
0.0062
0.0064
0.0064
0.0057
0.0060
0.0059
0.0061
0.0063
0.0059
0.0063
0.0063
0.0065
0.0057
0.0064
0.0062
0.0063
0.0061
0.0064
0.0062
0.0058
0.0061
0.0061
0.0065
0.0059
0.0057
0.0066
0.0061
0.0058
0.0060
0.0064
0.0061
0.0063
0.0064
0.0061
0.0065
0.0060
0.0060
0.0063
0.0061
0.0065
0.0063
0.0064
0.0062
0.0062
0.0063
0.0060
0.0060
0.0062
0.0061
0.0061
0.0065
0.0059
0.0061
0.0058
0.0064
0.0063
0.0060
0.0063
0.0060
0.0064
0.0061
0.0060
0.0059
0.0060
0.0062
0.0061
0.0065
0.0061
0.0063
0.0060
0.0059
0.0061
0.0065
0.0063
0.0063
0.0057
0.0063
0.0059
0.0062
0.0062
0.0062
0.0065
0.0062
0.0062
0.0060
0.0061
0.0064
0.0061
0.0060
0.0060
0.0059
0.0065
0.0064
0.0065
0.0061
0.0065
0.0062
0.0064
0.0059
0.0059
0.0061
0.0067
0.0063
0.0062
0.0065
0.0060
0.0066
0.0060
0.0062
0.0062
0.0060
0.0060
0.0064
0.0061
0.0064
0.0059
0.0065
0.0065
0.0063
0.0063
0.0061
0.0063
0.0062
0.0062
0.0064
0.0062
0.0061
0.0064
0.0063
0.0063
0.0062
0.0060
0.0061
0.0061
0.0063
0.0062
0.0062
0.0061
0.0060
0.0061
0.0060
0.0061
0.0065
0.0065
0.0063
0.0062
0.0060
0.0061
0.0063
0.0062
0.0058
0.0061
0.0064
0.0059
0.0062
0.0061
0.0060
0.0061
0.0063
0.0061
0.0062
0.0063
0.0060
0.0064
0.0064
0.0062
0.0059
0.0063
0.0061
0.0063
0.0064
0.0058
0.0061
0.0062
0.0059
0.0060
0.0060
0.0063
0.0065
0.0071
0.0067
0.0066
0.0070
0.0064
0.0071
0.0067
0.0070
0.0068
0.0066
0.0069
0.0065
0.0067
0.0069
0.0070
0.0068
0.0066
0.0070
0.0067
0.0070
0.0068
0.0068
0.0068
0.0072
0.0070
0.0068
0.0070
0.0065
0.0068
0.0068
0.0069
0.0068
0.0065
0.0065
0.0068
0.0068
0.0067
0.0067
0.0069
0.0072
0.0065
0.0067
0.0068
0.0068
0.0069
0.0068
0.0068
0.0068
0.0064
0.0068
0.0071
0.0069
0.0066
0.0069
0.0072
0.0069
0.0068
0.0068
0.0068
0.0066
0.0067
0.0070
0.0071
0.0065
0.0069
0.0064
0.0070
0.0071
0.0070
0.0068
0.0069
0.0069
0.0071
0.0064
0.0066
0.0069
0.0069
0.0068
0.0067
0.0073
0.0072
0.0069
0.0066
0.0071
0.0070
0.0066
0.0068
0.0066
0.0070
0.0068
0.0068
0.0069
0.0071
0.0072
0.0070
0.0065
0.0070
0.0068
0.0069
0.0071
0.0069
0.0064
0.0068
0.0066
0.0069
0.0070
0.0069
0.0068
0.0065
0.0067
0.0066
0.0066
0.0068
0.0071
0.0071
0.0068
0.0068
0.0072
0.0069
0.0069
0.0067
0.0071
0.0067
0.0068
0.0070
0.0070
0.0066
0.0072
0.0070
0.0069
0.0068
0.0069
0.0070
0.0073
0.0065
0.0066
0.0070
0.0067
0.0071
0.0066
0.0066
0.0070
0.0076
0.0066
0.0071
0.0069
0.0068
0.0066
0.0067
0.0069
0.0066
0.0067
0.0071
0.0073
0.0066
0.0069
0.0073
0.0066
0.0067
0.0071
0.0067
0.0068
0.0069
0.0069
0.0068
0.0066
0.0071
0.0069
0.0069
0.0070
0.0073
0.0068
0.0070
0.0067
0.0069
0.0067
0.0070
0.0071
0.0073
0.0073
0.0068
0.0070
0.0071
0.0068
0.0069
0.0072
0.0067
0.0066
0.0070
0.0069
0.0069
0.0066
0.0071
0.0067
0.0069
0.0068
0.0070
0.0069
0.0067
0.0066
0.0067
0.0070
0.0069
0.0072
0.0067
0.0067
0.0065
0.0071
0.0070
0.0069
0.0069
0.0068
0.0067
0.0067
0.0071
0.0065
0.0067
0.0068
0.0069
0.0067
0.0073
0.0069
0.0067
0.0067
0.0073
0.0071
0.0070
0.0070
0.0067
0.0069
0.0071
0.0066
0.0072
0.0066
0.0067
0.0070
0.0069
0.0067
0.0070
0.0063
0.0068
0.0072
0.0067
0.0069
0.0067
0.0070
0.0063
0.0072
0.0071
0.0072
0.0079
0.0080
0.0079
0.0081
0.0078
0.0080
0.0076
0.0081
0.0080
0.0080
0.0078
0.0074
0.0080
0.0077
0.0083
0.0077
0.0078
0.0081
0.0080
0.0078
0.0078
0.0080
0.0079
0.0080
0.0083
0.0078
0.0078
0.0082
0.0077
0.0081
0.0076
0.0080
0.0079
0.0078
0.0082
0.0084
0.0083
0.0080
0.0081
0.0082
0.0081
0.0080
0.0076
0.0079
0.0079
0.0078
0.0078
0.0081
0.0075
0.0083
0.0081
0.0074
0.0081
0.0083
0.0082
0.0081
0.0079
0.0079
0.0077
0.0075
0.0079
0.0080
0.0080
0.0080
0.0083
0.0081
0.0080
0.0076
0.0081
0.0079
0.0079
0.0080
0.0082
0.0079
0.0082
0.0081
0.0077
0.0081
0.0081
0.0080
0.0080
0.0080
0.0079
0.0080
0.0073
0.0076
0.0077
0.0084
0.0080
0.0080
0.0079
0.0083
0.0081
0.0082
0.0077
0.0081
0.0078
0.0079
0.0075
0.0079
0.0080
0.0079
0.0082
0.0081
0.0077
0.0074
0.0076
0.0079
0.0078
0.0076
0.0078
0.0079
0.0082
0.0079
0.0080
0.0083
0.0079
0.0079
0.0078
0.0083
0.0078
0.0081
0.0078
0.0080
0.0076
0.0080
0.0077
0.0079
0.0080
0.0081
0.0080
0.0078
0.0082
0.0076
0.0078
0.0076
0.0079
0.0076
0.0078
0.0081
0.0081
0.0077
0.0081
0.0077
0.0083
0.0076
0.0078
0.0083
0.0079
0.0079
0.0078
0.0077
0.0081
0.0075
0.0082
0.0079
0.0079
0.0080
0.0080
0.0076
0.0077
0.0085
0.0083
0.0083
0.0080
0.0078
0.0077
0.0080
0.0081
0.0076
0.0078
0.0076
0.0078
0.0082
0.0079
0.0080
0.0081
0.0081
0.0079
0.0077
0.0078
0.0081
0.0081
0.0078
0.0081
0.0077
0.0080
0.0078
0.0081
0.0077
0.0076
0.0076
0.0078
0.0083
0.0081
0.0081
0.0080
0.0079
0.0079
0.0082
0.0079
0.0075
0.0078
0.0079
0.0076
0.0080
0.0080
0.0077
0.0084
0.0082
0.0077
0.0078
0.0077
0.0076
0.0074
0.0080
0.0077
0.0082
0.0079
0.0076
0.0079
0.0077
0.0079
0.0079
0.0079
0.0082
0.0081
0.0076
0.0078
0.0079
0.0076
0.0081
0.0078
0.0081
0.0081
0.0077
0.0081
0.0076
0.0075
0.0079
0.0081
0.0081
0.0080
0.0077
0.0083
0.0080
0.0080
0.0081
0.0080
0.0084
0.0086
0.0092
0.0090
0.0086
0.0085
0.0090
0.0091
0.0086
0.0087
0.0088
0.0089
0.0090
0.0087
0.0087
0.0088
0.0090
0.0088
0.0088
0.0091
0.0086
0.0084
0.0085
0.0092
0.0089
0.0087
0.0089
0.0092
0.0093
0.0090
0.0091
0.0091
0.0086
0.0088
0.0086
0.0089
0.0087
0.0084
0.0082
0.0088
0.0084
0.0090
0.0084
0.0088
0.0087
0.0085
0.0088
0.0090
0.0085
0.0086
0.0086
0.0090
0.0089
0.0090
0.0088
0.0088
0.0090
0.0088
0.0090
0.0086
0.0090
0.0087
0.0086
0.0093
0.0085
0.0088
0.0086
0.0087
0.0086
0.0086
0.0085
0.0091
0.0087
0.0084
0.0085
0.0089
0.0087
0.0088
0.0086
0.0087
0.0088
0.0083
0.0086
0.0085
0.0086
0.0089
0.0085
0.0085
0.0092
0.0089
0.0093
0.0089
0.0090
0.0088
0.0088
0.0088
0.0089
0.0086
0.0092
0.0087
0.0089
0.0086
0.0085
0.0087
0.0088
0.0092
0.0089
0.0088
0.0084
0.0084
0.0089
0.0089
0.0083
0.0084
0.0092
0.0090
0.0088
0.0089
0.0089
0.0093
0.0084
0.0087
0.0086
0.0088
0.0087
0.0093
0.0088
0.0085
0.0088
0.0088
0.0087
0.0091
0.0084
0.0089
0.0091
0.0090
0.0086
0.0090
0.0087
0.0093
0.0088
0.0089
0.0084
0.0086
0.0086
0.0086
0.0089
0.0091
0.0087
0.0087
0.0086
0.0091
0.0086
0.0088
0.0086
0.0085
0.0088
0.0087
0.0089
0.0085
0.0091
0.0086
0.0090
0.0088
0.0087
0.0087
0.0089
0.0090
0.0085
0.0088
0.0088
0.0087
0.0088
0.0089
0.0089
0.0084
0.0091
0.0091
0.0087
0.0086
0.0089
0.0089
0.0089
0.0086
0.0086
0.0090
0.0085
0.0091
0.0088
0.0088
0.0092
0.0088
0.0091
0.0087
0.0087
0.0084
0.0088
0.0089
0.0087
0.0085
0.0090
0.0085
0.0083
0.0089
0.0087
0.0088
0.0088
0.0086
0.0089
0.0089
0.0086
0.0089
0.0089
0.0090
0.0093
0.0089
0.0084
0.0089
0.0088
0.0089
0.0087
0.0089
0.0083
0.0090
0.0084
0.0082
0.0083
0.0087
0.0090
0.0088
0.0086
0.0091
0.0089
0.0088
0.0089
0.0090
0.0086
0.0086
0.0083
0.0091
0.0090
0.0089
0.0088
0.0092
0.0087
0.0089
0.0087
0.0088
0.0090
0.0086
0.0093
0.0097
0.0103
0.0101
0.0098
0.0100
0.0102
0.0099
0.0096
0.0100
0.0099
0.0099
0.0099
0.0097
0.0096
0.0098
0.0099
0.0099
0.0099
0.0097
0.0102
0.0096
0.0098
0.0095
0.0103
0.0100
0.0097
0.0098
0.0096
0.0099
0.0101
0.0097
0.0100
0.0097
0.0098
0.0095
0.0098
0.0098
0.0100
0.0097
0.0099
0.0099
0.0099
0.0097
0.0097
0.0097
0.0097
0.0094
0.0097
0.0096
0.0096
0.0100
0.0096
0.0098
0.0101
0.0097
0.0097
0.0103
0.0097
0.0099
0.0101
0.0099
0.0096
0.0097
0.0100
0.0101
0.0101
0.0097
0.0101
0.0100
0.0099
0.0104
0.0100
0.0094
0.0097
0.0098
0.0102
0.0099
0.0101
0.0103
0.0097
0.0096
0.0100
0.0098
0.0098
0.0098
0.0094
0.0099
0.0099
0.0099
0.0098
0.0099
0.0098
0.0099
0.0101
0.0099
0.0104
0.0096
0.0097
0.0102
0.0100
0.0103
0.0098
0.0095
0.0096
0.0097
0.0098
0.0096
0.0101
0.0095
0.0099
0.0102
0.0100
0.0098
0.0100
0.0098
0.0099
0.0100
0.0097
0.0098
0.0098
0.0098
0.0097
0.0098
0.0096
0.0101
0.0098
0.0096
0.0104
0.0098
0.0096
0.0096
0.0099
0.0099
0.0095
0.0098
0.0102
0.0097
0.0098
0.0101
0.0103
0.0101
0.0098
0.0099
0.0101
0.0097
0.0102
0.0095
0.0096
0.0101
0.0099
0.0099
0.0096
0.0099
0.0095
0.0102
0.0097
0.0098
0.0100
0.0097
0.0098
0.0095
0.0100
0.0099
0.0101
0.0105
0.0097
0.0095
0.0096
0.0102
0.0099
0.0096
0.0101
0.0100
0.0102
0.0099
0.0101
0.0098
0.0104
0.0099
0.0099
0.0099
0.0100
0.0099
0.0102
0.0100
0.0094
0.0102
0.0099
0.0099
0.0103
0.0099
0.0096
0.0097
0.0098
0.0102
0.0101
0.0099
0.0098
0.0097
0.0099
0.0100
0.0096
0.0097
0.0101
0.0103
0.0104
0.0100
0.0100
0.0099
0.0101
0.0099
0.0099
0.0101
0.0100
0.0100
0.0098
0.0104
0.0099
0.0101
0.0101
0.0101
0.0098
0.0106
0.0101
0.0098
0.0103
0.0099
0.0094
0.0101
0.0101
0.0103
0.0102
0.0096
0.0102
0.0100
0.0099
0.0103
0.0096
0.0099
0.0099
0.0099
0.0100
0.0096
0.0098
0.0094
0.0099
0.0098
0.0103
0.0102
0.0106
0.0108
0.0111
0.0109
0.0115
0.0108
0.0111
0.0107
0.0105
0.0110
0.0110
0.0104
0.0106
0.0109
0.0112
0.0107
0.0108
0.0110
0.0110
0.0109
0.0107
0.0108
0.0109
0.0108
0.0103
0.0106
0.0108
0.0107
0.0111
0.0108
0.0111
0.0107
0.0108
0.0109
0.0112
0.0108
0.0110
0.0110
0.0111
0.0108
0.0109
0.0107
0.0107
0.0105
0.0108
0.0111
0.0113
0.0107
0.0108
0.0112
0.0110
0.0111
0.0107
0.0108
0.0112
0.0109
0.0109
0.0108
0.0106
0.0105
0.0107
0.0108
0.0106
0.0108
0.0110
0.0108
0.0110
0.0109
0.0108
0.0107
0.0109
0.0113
0.0112
0.0110
0.0111
0.0108
0.0110
0.0110
0.0106
0.0106
0.0114
0.0109
0.0111
0.0105
0.0107
0.0115
0.0109
0.0109
0.0111
0.0106
0.0106
0.0108
0.0106
0.0106
0.0108
0.0110
0.0108
0.0109
0.0109
0.0110
0.0112
0.0108
0.0110
0.0111
0.0111
0.0107
0.0108
0.0109
0.0107
0.0112
0.0103
0.0107
0.0109
0.0111
0.0112
0.0107
0.0111
0.0107
0.0107
0.0110
0.0107
0.0106
0.0108
0.0109
0.0108
0.0107
0.0106
0.0109
0.0110
0.0110
0.0108
0.0107
0.0110
0.0111
0.0107
0.0106
0.0108
0.0106
0.0103
0.0109
0.0109
0.0107
0.0106
0.0110
0.0108
0.0109
0.0109
0.0113
0.0108
0.0111
0.0108
0.0108
0.0108
0.0106
0.0107
0.0109
0.0105
0.0109
0.0109
0.0110
0.0109
0.0106
0.0110
0.0108
0.0109
0.0107
0.0109
0.0108
0.0109
0.0108
0.0108
0.0108
0.0105
0.0107
0.0111
0.0110
0.0108
0.0108
0.0112
0.0111
0.0110
0.0109
0.0108
0.0107
0.0109
0.0109
0.0109
0.0107
0.0109
0.0110
0.0107
0.0106
0.0107
0.0110
0.0108
0.0111
0.0108
0.0108
0.0110
0.0108
0.0106
0.0107
0.0106
0.0110
0.0108
0.0111
0.0113
0.0112
0.0107
0.0104
0.0110
0.0107
0.0104
0.0107
0.0109
0.0105
0.0106
0.0112
0.0109
0.0109
0.0107
0.0107
0.0108
0.0109
0.0106
0.0106
0.0104
0.0104
0.0106
0.0112
0.0107
0.0107
0.0110
0.0104
0.0107
0.0109
0.0108
0.0107
0.0105
0.0108
0.0107
0.0112
0.0110
0.0110
0.0108
0.0104
0.0110
0.0109
0.0110
0.0105
0.0114
0.0120
0.0125
0.0119
0.0119
0.0123
0.0122
0.0117
0.0118
0.0120
0.0119
0.0120
0.0121
0.0124
0.0120
0.0120
0.0119
0.0121
0.0124
0.0119
0.0120
0.0122
0.0125
0.0118
0.0118
0.0122
0.0121
0.0123
0.0122
0.0121
0.0121
0.0119
0.0122
0.0121
0.0124
0.0122
0.0118
0.0121
0.0122
0.0117
0.0121
0.0116
0.0123
0.0123
0.0125
0.0120
0.0119
0.0123
0.0117
0.0124
0.0119
0.0120
0.0122
0.0120
0.0122
0.0118
0.0123
0.0120
0.0120
0.0122
0.0120
0.0118
0.0120
0.0121
0.0120
0.0125
0.0123
0.0119
0.0124
0.0122
0.0124
0.0119
0.0120
0.0121
0.0121
0.0120
0.0122
0.0119
0.0116
0.0120
0.0120
0.0119
0.0120
0.0126
0.0117
0.0120
0.0121
0.0119
0.0119
0.0119
0.0120
0.0122
0.0119
0.0123
0.0121
0.0124
0.0120
0.0125
0.0120
0.0125
0.0121
0.0120
0.0122
0.0120
0.0123
0.0121
0.0121
0.0122
0.0118
0.0121
0.0121
0.0119
0.0122
0.0122
0.0119
0.0124
0.0120
0.0122
0.0117
0.0119
0.0119
0.0121
0.0124
0.0122
0.0118
0.0121
0.0123
0.0118
0.0116
0.0119
0.0122
0.0117
0.0121
0.0124
0.0121
0.0122
0.0121
0.0119
0.0122
0.0120
0.0122
0.0120
0.0123
0.0122
0.0121
0.0119
0.0122
0.0119
0.0119
0.0123
0.0120
0.0118
0.0121
0.0122
0.0118
0.0123
0.0121
0.0122
0.0117
0.0121
0.0123
0.0124
0.0119
0.0123
0.0123
0.0121
0.0118
0.0113
0.0126
0.0121
0.0120
0.0118
0.0124
0.0120
0.0120
0.0115
0.0119
0.0120
0.0121
0.0123
0.0120
0.0121
0.0123
0.0122
0.0121
0.0121
0.0117
0.0122
0.0123
0.0122
0.0120
0.0121
0.0119
0.0117
0.0126
0.0123
0.0117
0.0120
0.0121
0.0119
0.0121
0.0122
0.0119
0.0120
0.0117
0.0117
0.0121
0.0125
0.0119
0.0118
0.0119
0.0123
0.0123
0.0121
0.0121
0.0120
0.0121
0.0122
0.0118
0.0125
0.0116
0.0118
0.0120
0.0123
0.0120
0.0120
0.0118
0.0119
0.0116
0.0119
0.0119
0.0122
0.0123
0.0118
0.0121
0.0122
0.0124
0.0119
0.0120
0.0124
0.0122
0.0121
0.0123
0.0120
0.0118
0.0118
0.0124
0.0120
0.0122
0.0123
0.0129
0.0131
0.0128
0.0132
0.0130
0.0134
0.0130
0.0132
0.0130
0.0129
0.0128
0.0130
0.0132
0.0133
0.0131
0.0131
0.0131
0.0133
0.0133
0.0132
0.0136
0.0131
0.0136
0.0133
0.0129
0.0134
0.0128
0.0132
0.0134
0.0129
0.0129
0.0132
0.0130
0.0130
0.0131
0.0133
0.0130
0.0135
0.0135
0.0133
0.0132
0.0131
0.0136
0.0135
0.0133
0.0132
0.0132
0.0135
0.0132
0.0133
0.0134
0.0134
0.0133
0.0133
0.0134
0.0130
0.0134
0.0132
0.0132
0.0136
0.0132
0.0132
0.0128
0.0132
0.0136
0.0129
0.0129
0.0132
0.0132
0.0133
0.0135
0.0136
0.0131
0.0135
0.0129
0.0133
0.0133
0.0132
0.0138
0.0133
0.0130
0.0127
0.0132
0.0137
0.0133
0.0129
0.0133
0.0133
0.0136
0.0136
0.0134
0.0131
0.0136
0.0136
0.0130
0.0131
0.0129
0.0132
0.0133
0.0137
0.0132
0.0133
0.0130
0.0128
0.0133
0.0134
0.0133
0.0134
0.0131
0.0136
0.0126
0.0135
0.0131
0.0135
0.0132
0.0127
0.0133
0.0128
0.0131
0.0129
0.0131
0.0135
0.0133
0.0129
0.0134
0.0138
0.0132
0.0129
0.0129
0.0129
0.0133
0.0131
0.0133
0.0133
0.0131
0.0131
0.0131
0.0134
0.0133
0.0133
0.0131
0.0131
0.0133
0.0131
0.0134
0.0134
0.0132
0.0133
0.0129
0.0128
0.0131
0.0134
0.0134
0.0130
0.0141
0.0132
0.0133
0.0133
0.0133
0.0135
0.0131
0.0135
0.0130
0.0134
0.0135
0.0137
0.0132
0.0131
0.0131
0.0133
0.0132
0.0134
0.0130
0.0129
0.0130
0.0134
0.0136
0.0129
0.0129
0.0133
0.0132
0.0130
0.0133
0.0135
0.0136
0.0133
0.0134
0.0133
0.0134
0.0132
0.0132
0.0133
0.0128
0.0133
0.0134
0.0136
0.0133
0.0135
0.0133
0.0136
0.0130
0.0133
0.0132
0.0135
0.0133
0.0133
0.0135
0.0132
0.0136
0.0131
0.0134
0.0132
0.0133
0.0134
0.0133
0.0130
0.0133
0.0132
0.0131
0.0137
0.0131
0.0133
0.0138
0.0130
0.0132
0.0131
0.0127
0.0131
0.0132
0.0133
0.0130
0.0133
0.0133
0.0130
0.0131
0.0130
0.0130
0.0132
0.0134
0.0131
0.0132
0.0129
0.0133
0.0133
0.0134
0.0132
0.0131
0.0139
0.0133
0.0131
0.0134
0.0146
0.0146
0.0145
0.0141
0.0144
0.0144
0.0145
0.0147
0.0145
0.0143
0.0147
0.0144
0.0143
0.0142
0.0146
0.0145
0.0145
0.0145
0.0145
0.0146
0.0146
0.0144
0.0150
0.0144
0.0147
0.0144
0.0144
0.0147
0.0143
0.0147
0.0142
0.0146
0.0147
0.0148
0.0142
0.0144
0.0145
0.0147
0.0144
0.0145
0.0144
0.0144
0.0144
0.0142
0.0144
0.0146
0.0147
0.0144
0.0145
0.0148
0.0141
0.0147
0.0145
0.0148
0.0145
0.0148
0.0145
0.0143
0.0144
0.0146
0.0148
0.0148
0.0142
0.0147
0.0145
0.0148
0.0145
0.0146
0.0146
0.0145
0.0144
0.0146
0.0145
0.0146
0.0145
0.0146
0.0143
0.0147
0.0143
0.0147
0.0143
0.0142
0.0146
0.0145
0.0145
0.0146
0.0150
0.0145
0.0145
0.0150
0.0145
0.0143
0.0143
0.0148
0.0145
0.0147
0.0149
0.0149
0.0143
0.0144
0.0145
0.0144
0.0147
0.0146
0.0142
0.0144
0.0145
0.0145
0.0149
0.0149
0.0149
0.0145
0.0145
0.0147
0.0141
0.0146
0.0146
0.0146
0.0140
0.0143
0.0143
0.0147
0.0146
0.0144
0.0145
0.0149
0.0147
0.0152
0.0146
0.0145
0.0145
0.0146
0.0144
0.0150
0.0143
0.0142
0.0149
0.0146
0.0145
0.0144
0.0141
0.0143
0.0144
0.0143
0.0144
0.0142
0.0145
0.0145
0.0144
0.0142
0.0147
0.0144
0.0143
0.0145
0.0144
0.0147
0.0147
0.0141
0.0147
0.0143
0.0147
0.0147
0.0144
0.0140
0.0148
0.0142
0.0145
0.0149
0.0145
0.0145
0.0144
0.0146
0.0141
0.0145
0.0144
0.0143
0.0143
0.0146
0.0142
0.0145
0.0147
0.0143
0.0147
0.0146
0.0141
0.0142
0.0145
0.0144
0.0144
0.0144
0.0143
0.0142
0.0142
0.0148
0.0143
0.0143
0.0148
0.0142
0.0147
0.0144
0.0146
0.0146
0.0145
0.0144
0.0144
0.0150
0.0144
0.0141
0.0144
0.0147
0.0146
0.0141
0.0145
0.0144
0.0144
0.0143
0.0147
0.0144
0.0142
0.0146
0.0145
0.0145
0.0146
0.0151
0.0147
0.0143
0.0148
0.0143
0.0144
0.0140
0.0147
0.0143
0.0144
0.0145
0.0145
0.0145
0.0145
0.0144
0.0145
0.0146
0.0144
0.0146
0.0147
0.0146
0.0146
0.0147
0.0143
0.0145
0.0147
0.0147
0.0158
0.0155
0.0158
0.0159
0.0157
0.0160
0.0157
0.0155
0.0159
0.0161
0.0159
0.0158
0.0155
0.0160
0.0157
0.0160
0.0158
0.0159
0.0158
0.0156
0.0158
0.0158
0.0160
0.0156
0.0155
0.0164
0.0157
0.0160
0.0153
0.0160
0.0157
0.0157
0.0155
0.0157
0.0154
0.0161
0.0160
0.0158
0.0159
0.0155
0.0159
0.0161
0.0159
0.0162
0.0157
0.0161
0.0157
0.0159
0.0161
0.0156
0.0157
0.0162
0.0159
0.0157
0.0155
0.0159
0.0160
0.0159
0.0160
0.0156
0.0156
0.0160
0.0159
0.0159
0.0158
0.0158
0.0156
0.0161
0.0156
0.0163
0.0156
0.0160
0.0159
0.0157
0.0159
0.0163
0.0156
0.0163
0.0157
0.0158
0.0157
0.0156
0.0159
0.0158
0.0159
0.0158
0.0154
0.0161
0.0161
0.0157
0.0159
0.0155
0.0165
0.0158
0.0154
0.0155
0.0159
0.0163
0.0158
0.0157
0.0154
0.0153
0.0157
0.0157
0.0155
0.0154
0.0160
0.0153
0.0157
0.0161
0.0155
0.0158
0.0160
0.0156
0.0158
0.0162
0.0158
0.0162
0.0157
0.0154
0.0156
0.0160
0.0158
0.0155
0.0156
0.0156
0.0161
0.0157
0.0156
0.0160
0.0158
0.0161
0.0158
0.0158
0.0158
0.0162
0.0158
0.0160
0.0155
0.0152
0.0159
0.0158
0.0165
0.0157
0.0160
0.0155
0.0162
0.0158
0.0155
0.0161
0.0156
0.0162
0.0157
0.0160
0.0157
0.0155
0.0161
0.0159
0.0159
0.0159
0.0161
0.0156
0.0157
0.0159
0.0157
0.0158
0.0162
0.0156
0.0157
0.0157
0.0159
0.0154
0.0155
0.0159
0.0160
0.0154
0.0158
0.0160
0.0154
0.0156
0.0158
0.0156
0.0159
0.0154
0.0155
0.0158
0.0156
0.0160
0.0159
0.0158
0.0157
0.0160
0.0160
0.0160
0.0160
0.0161
0.0159
0.0160
0.0158
0.0156
0.0158
0.0158
0.0159
0.0160
0.0160
0.0164
0.0162
0.0160
0.0159
0.0159
0.0159
0.0158
0.0159
0.0159
0.0152
0.0157
0.0160
0.0155
0.0160
0.0161
0.0154
0.0154
0.0157
0.0155
0.0157
0.0160
0.0160
0.0159
0.0158
0.0159
0.0154
0.0158
0.0160
0.0157
0.0159
0.0159
0.0157
0.0155
0.0159
0.0159
0.0155
0.0158
0.0155
0.0156
0.0160
0.0157
0.0160
0.0161
0.0158
0.0160
0.0173
0.0173
0.0170
0.0172
0.0173
0.0176
0.0170
0.0174
0.0172
0.0173
0.0170
0.0172
0.0176
0.0173
0.0172
0.0172
0.0172
0.0174
0.0169
0.0175
0.0170
0.0173
0.0176
0.0175
0.0173
0.0169
0.0172
0.0172
0.0174
0.0173
0.0169
0.0168
0.0170
0.0173
0.0173
0.0169
0.0171
0.0174
0.0176
0.0174
0.0170
0.0176
0.0171
0.0170
0.0172
0.0171
0.0170
0.0173
0.0172
0.0173
0.0172
0.0170
0.0175
0.0170
0.0172
0.0168
0.0170
0.0175
0.0171
0.0172
0.0172
0.0171
0.0172
0.0171
0.0174
0.0172
0.0168
0.0171
0.0175
0.0170
0.0172
0.0168
0.0173
0.0172
0.0172
0.0173
0.0174
0.0169
0.0174
0.0176
0.0170
0.0169
0.0172
0.0170
0.0171
0.0172
0.0172
0.0175
0.0174
0.0169
0.0169
0.0167
0.0174
0.0171
0.0173
0.0171
0.0171
0.0167
0.0172
0.0171
0.0174
0.0176
0.0167
0.0169
0.0175
0.0170
0.0171
0.0174
0.0174
0.0171
0.0170
0.0170
0.0173
0.0175
0.0171
0.0174
0.0171
0.0170
0.0171
0.0177
0.0172
0.0173
0.0170
0.0172
0.0171
0.0167
0.0171
0.0170
0.0171
0.0174
0.0170
0.0173
0.0169
0.0173
0.0166
0.0169
0.0170
0.0172
0.0174
0.0172
0.0174
0.0172
0.0173
0.0172
0.0174
0.0171
0.0174
0.0171
0.0173
0.0169
0.0174
0.0174
0.0171
0.0172
0.0168
0.0171
0.0174
0.0172
0.0177
0.0171
0.0171
0.0170
0.0175
0.0175
0.0173
0.0173
0.0169
0.0175
0.0169
0.0174
0.0176
0.0174
0.0172
0.0168
0.0172
0.0172
0.0172
0.0172
0.0173
0.0174
0.0174
0.0174
0.0173
0.0175
0.0176
0.0173
0.0173
0.0172
0.0170
0.0174
0.0171
0.0169
0.0172
0.0172
0.0172
0.0171
0.0174
0.0176
0.0170
0.0175
0.0173
0.0175
0.0173
0.0172
0.0172
0.0170
0.0170
0.0174
0.0173
0.0170
0.0173
0.0179
0.0169
0.0175
0.0174
0.0176
0.0174
0.0173
0.0176
0.0170
0.0175
0.0173
0.0174
0.0173
0.0169
0.0174
0.0173
0.0172
0.0166
0.0171
0.0172
0.0169
0.0174
0.0175
0.0174
0.0176
0.0170
0.0173
0.0174
0.0172
0.0175
0.0173
0.0173
0.0169
0.0176
0.0171
0.0165
0.0175
0.0171
0.0180
0.0188
0.0186
0.0187
0.0188
0.0192
0.0185
0.0188
0.0187
0.0188
0.0189
0.0185
0.0186
0.0187
0.0187
0.0185
0.0187
0.0185
0.0189
0.0189
0.0189
0.0185
0.0187
0.0184
0.0187
0.0187
0.0184
0.0190
0.0186
0.0191
0.0184
0.0185
0.0187
0.0191
0.0187
0.0186
0.0185
0.0187
0.0184
0.0184
0.0180
0.0191
0.0186
0.0193
0.0181
0.0188
0.0191
0.0190
0.0190
0.0190
0.0188
0.0188
0.0188
0.0182
0.0186
0.0189
0.0186
0.0185
0.0186
0.0185
0.0190
0.0190
0.0185
0.0191
0.0185
0.0182
0.0188
0.0191
0.0185
0.0184
0.0189
0.0185
0.0186
0.0184
0.0191
0.0188
0.0190
0.0185
0.0185
0.0184
0.0191
0.0189
0.0185
0.0192
0.0188
0.0186
0.0186
0.0187
0.0183
0.0187
0.0191
0.0185
0.0189
0.0187
0.0188
0.0183
0.0184
0.0186
0.0183
0.0186
0.0187
0.0188
0.0188
0.0186
0.0190
0.0187
0.0187
0.0189
0.0187
0.0187
0.0185
0.0185
0.0185
0.0186
0.0188
0.0187
0.0188
0.0185
0.0187
0.0185
0.0185
0.0192
0.0187
0.0189
0.0185
0.0187
0.0183
0.0188
0.0183
0.0185
0.0188
0.0187
0.0187
0.0186
0.0186
0.0189
0.0185
0.0188
0.0188
0.0189
0.0187
0.0186
0.0185
0.0188
0.0188
0.0186
0.0184
0.0190
0.0185
0.0189
0.0185
0.0189
0.0191
0.0189
0.0186
0.0188
0.0188
0.0183
0.0189
0.0187
0.0190
0.0183
0.0190
0.0186
0.0183
0.0187
0.0187
0.0185
0.0185
0.0188
0.0188
0.0185
0.0185
0.0189
0.0182
0.0189
0.0187
0.0185
0.0187
0.0185
0.0187
0.0184
0.0187
0.0190
0.0188
0.0187
0.0190
0.0189
0.0185
0.0187
0.0194
0.0190
0.0185
0.0188
0.0188
0.0188
0.0187
0.0187
0.0188
0.0185
0.0187
0.0188
0.0185
0.0188
0.0191
0.0194
0.0190
0.0187
0.0187
0.0185
0.0185
0.0188
0.0188
0.0187
0.0186
0.0195
0.0185
0.0190
0.0185
0.0186
0.0189
0.0184
0.0187
0.0186
0.0187
0.0187
0.0184
0.0188
0.0185
0.0188
0.0188
0.0181
0.0188
0.0187
0.0186
0.0189
0.0186
0.0182
0.0190
0.0190
0.0188
0.0184
0.0185
0.0186
0.0192
0.0186
0.0188
0.0185
0.0190
0.0185
0.0193
0.0198
0.0209
0.0203
0.0202
0.0205
0.0202
0.0204
0.0200
0.0201
0.0204
0.0202
0.0204
0.0202
0.0207
0.0208
0.0210
0.0204
0.0205
0.0207
0.0202
0.0203
0.0203
0.0202
0.0204
0.0194
0.0204
0.0202
0.0204
0.0202
0.0203
0.0204
0.0204
0.0204
0.0207
0.0204
0.0203
0.0206
0.0203
0.0202
0.0202
0.0200
0.0209
0.0201
0.0209
0.0210
0.0205
0.0203
0.0205
0.0203
0.0203
0.0201
0.0206
0.0200
0.0204
0.0205
0.0201
0.0199
0.0202
0.0205
0.0203
0.0202
0.0201
0.0208
0.0208
0.0204
0.0207
0.0206
0.0204
0.0203
0.0203
0.0204
0.0200
0.0204
0.0203
0.0203
0.0206
0.0203
0.0204
0.0207
0.0203
0.0204
0.0204
0.0205
0.0200
0.0205
0.0202
0.0199
0.0200
0.0208
0.0203
0.0205
0.0203
0.0201
0.0205
0.0203
0.0203
0.0199
0.0206
0.0205
0.0209
0.0204
0.0207
0.0206
0.0207
0.0204
0.0203
0.0210
0.0205
0.0202
0.0207
0.0199
0.0199
0.0204
0.0205
0.0208
0.0202
0.0200
0.0204
0.0205
0.0206
0.0203
0.0204
0.0207
0.0205
0.0207
0.0202
0.0200
0.0202
0.0205
0.0207
0.0202
0.0207
0.0205
0.0201
0.0208
0.0199
0.0200
0.0203
0.0201
0.0204
0.0204
0.0203
0.0204
0.0203
0.0203
0.0203
0.0199
0.0205
0.0202
0.0203
0.0204
0.0205
0.0200
0.0204
0.0208
0.0200
0.0202
0.0203
0.0204
0.0204
0.0201
0.0203
0.0204
0.0203
0.0206
0.0202
0.0204
0.0204
0.0201
0.0203
0.0201
0.0201
0.0210
0.0202
0.0210
0.0205
0.0202
0.0201
0.0203
0.0200
0.0204
0.0204
0.0205
0.0204
0.0206
0.0202
0.0201
0.0200
0.0205
0.0206
0.0203
0.0203
0.0208
0.0199
0.0202
0.0201
0.0203
0.0205
0.0209
0.0209
0.0200
0.0210
0.0205
0.0204
0.0208
0.0197
0.0204
0.0201
0.0205
0.0203
0.0209
0.0205
0.0207
0.0203
0.0201
0.0205
0.0203
0.0204
0.0202
0.0204
0.0205
0.0205
0.0207
0.0204
0.0202
0.0202
0.0204
0.0205
0.0204
0.0206
0.0205
0.0203
0.0204
0.0203
0.0207
0.0203
0.0203
0.0200
0.0206
0.0201
0.0205
0.0203
0.0204
0.0206
0.0207
0.0204
0.0204
0.0203
0.0196
0.0210
0.0214
0.0217
0.0217
0.0221
0.0216
0.0223
0.0221
0.0220
0.0215
0.0220
0.0216
0.0218
0.0220
0.0223
0.0221
0.0216
0.0219
0.0217
0.0222
0.0218
0.0222
0.0218
0.0215
0.0219
0.0222
0.0218
0.0217
0.0221
0.0226
0.0222
0.0221
0.0213
0.0219
0.0223
0.0222
0.0219
0.0222
0.0221
0.0217
0.0217
0.0219
0.0216
0.0219
0.0220
0.0222
0.0221
0.0220
0.0222
0.0225
0.0214
0.0215
0.0219
0.0217
0.0216
0.0220
0.0224
0.0221
0.0216
0.0223
0.0221
0.0220
0.0220
0.0219
0.0219
0.0220
0.0221
0.0219
0.0221
0.0214
0.0221
0.0215
0.0223
0.0215
0.0221
0.0223
0.0220
0.0220
0.0220
0.0217
0.0218
0.0228
0.0225
0.0218
0.0221
0.0221
0.0218
0.0223
0.0221
0.0222
0.0223
0.0221
0.0216
0.0213
0.0220
0.0218
0.0221
0.0221
0.0220
0.0217
0.0219
0.0216
0.0220
0.0218
0.0216
0.0220
0.0217
0.0215
0.0216
0.0215
0.0223
0.0221
0.0220
0.0221
0.0215
0.0218
0.0217
0.0222
0.0218
0.0221
0.0216
0.0221
0.0222
0.0221
0.0218
0.0216
0.0216
0.0222
0.0219
0.0215
0.0214
0.0221
0.0215
0.0218
0.0221
0.0220
0.0218
0.0219
0.0220
0.0219
0.0221
0.0219
0.0221
0.0219
0.0223
0.0222
0.0219
0.0221
0.0218
0.0219
0.0220
0.0221
0.0218
0.0220
0.0220
0.0217
0.0220
0.0219
0.0214
0.0216
0.0219
0.0221
0.0217
0.0212
0.0220
0.0222
0.0219
0.0221
0.0216
0.0221
0.0216
0.0219
0.0221
0.0221
0.0216
0.0223
0.0217
0.0222
0.0223
0.0221
0.0222
0.0218
0.0213
0.0221
0.0219
0.0211
0.0219
0.0218
0.0216
0.0217
0.0220
0.0216
0.0219
0.0222
0.0222
0.0216
0.0224
0.0222
0.0217
0.0215
0.0221
0.0218
0.0218
0.0222
0.0214
0.0220
0.0219
0.0220
0.0221
0.0222
0.0221
0.0222
0.0222
0.0218
0.0218
0.0216
0.0216
0.0220
0.0221
0.0217
0.0214
0.0223
0.0220
0.0220
0.0221
0.0219
0.0217
0.0217
0.0219
0.0225
0.0216
0.0225
0.0218
0.0218
0.0217
0.0220
0.0218
0.0219
0.0221
0.0217
0.0220
0.0220
0.0222
0.0221
0.0218
0.0218
0.0216
0.0215
0.0216
0.0219
0.0228
0.0237
0.0238
0.0240
0.0236
0.0237
0.0244
0.0242
0.0243
0.0239
0.0234
0.0242
0.0236
0.0241
0.0240
0.0239
0.0235
0.0236
0.0238
0.0238
0.0239
0.0235
0.0240
0.0235
0.0233
0.0233
0.0240
0.0241
0.0237
0.0238
0.0240
0.0238
0.0240
0.0237
0.0237
0.0237
0.0239
0.0238
0.0238
0.0233
0.0240
0.0238
0.0235
0.0237
0.0238
0.0236
0.0235
0.0240
0.0234
0.0241
0.0239
0.0236
0.0240
0.0240
0.0236
0.0237
0.0242
0.0240
0.0237
0.0242
0.0238
0.0240
0.0239
0.0240
0.0233
0.0240
0.0238
0.0240
0.0236
0.0242
0.0240
0.0237
0.0239
0.0236
0.0237
0.0239
0.0237
0.0243
0.0241
0.0239
0.0238
0.0239
0.0239
0.0241
0.0239
0.0242
0.0236
0.0235
0.0242
0.0234
0.0242
0.0240
0.0234
0.0238
0.0242
0.0242
0.0238
0.0236
0.0241
0.0235
0.0242
0.0239
0.0238
0.0240
0.0235
0.0240
0.0240
0.0241
0.0237
0.0238
0.0236
0.0236
0.0244
0.0237
0.0240
0.0239
0.0238
0.0240
0.0240
0.0243
0.0237
0.0238
0.0240
0.0237
0.0242
0.0235
0.0243
0.0236
0.0241
0.0238
0.0242
0.0237
0.0241
0.0238
0.0240
0.0236
0.0236
0.0239
0.0242
0.0237
0.0240
0.0240
0.0242
0.0245
0.0243
0.0236
0.0240
0.0235
0.0239
0.0239
0.0237
0.0237
0.0237
0.0242
0.0240
0.0240
0.0238
0.0239
0.0243
0.0239
0.0242
0.0240
0.0239
0.0235
0.0239
0.0238
0.0235
0.0235
0.0234
0.0240
0.0241
0.0238
0.0240
0.0240
0.0241
0.0238
0.0236
0.0239
0.0240
0.0240
0.0240
0.0241
0.0239
0.0240
0.0238
0.0240
0.0238
0.0239
0.0236
0.0236
0.0242
0.0234
0.0234
0.0244
0.0241
0.0240
0.0237
0.0240
0.0244
0.0244
0.0238
0.0241
0.0240
0.0238
0.0236
0.0240
0.0241
0.0236
0.0239
0.0237
0.0238
0.0242
0.0239
0.0237
0.0234
0.0240
0.0240
0.0237
0.0241
0.0241
0.0244
0.0244
0.0238
0.0238
0.0240
0.0239
0.0239
0.0238
0.0238
0.0239
0.0239
0.0240
0.0241
0.0238
0.0243
0.0245
0.0237
0.0239
0.0239
0.0237
0.0237
0.0240
0.0240
0.0238
0.0245
0.0236
0.0242
0.0242
0.0238
0.0244
0.0243
0.0255
0.0255
0.0256
0.0254
0.0253
0.0255
0.0256
0.0257
0.0252
0.0251
0.0254
0.0255
0.0256
0.0255
0.0255
0.0256
0.0251
0.0253
0.0253
0.0254
0.0256
0.0256
0.0255
0.0253
0.0253
0.0255
0.0255
0.0252
0.0259
0.0260
0.0253
0.0252
0.0260
0.0254
0.0257
0.0258
0.0256
0.0256
0.0255
0.0257
0.0255
0.0254
0.0256
0.0250
0.0255
0.0254
0.0256
0.0252
0.0256
0.0257
0.0258
0.0257
0.0253
0.0256
0.0258
0.0257
0.0256
0.0249
0.0257
0.0252
0.0251
0.0258
0.0255
0.0255
0.0254
0.0257
0.0257
0.0252
0.0257
0.0251
0.0260
0.0257
0.0258
0.0252
0.0253
0.0258
0.0259
0.0252
0.0254
0.0255
0.0258
0.0257
0.0256
0.0255
0.0249
0.0257
0.0258
0.0259
0.0259
0.0257
0.0257
0.0256
0.0255
0.0256
0.0252
0.0254
0.0258
0.0252
0.0257
0.0250
0.0255
0.0251
0.0260
0.0258
0.0260
0.0253
0.0255
0.0258
0.0258
0.0256
0.0257
0.0251
0.0251
0.0252
0.0256
0.0256
0.0254
0.0252
0.0256
0.0259
0.0252
0.0249
0.0254
0.0256
0.0257
0.0254
0.0254
0.0257
0.0252
0.0255
0.0258
0.0254
0.0259
0.0253
0.0253
0.0257
0.0254
0.0256
0.0252
0.0254
0.0254
0.0257
0.0252
0.0256
0.0253
0.0253
0.0253
0.0253
0.0254
0.0254
0.0256
0.0253
0.0258
0.0255
0.0254
0.0259
0.0253
0.0255
0.0258
0.0251
0.0253
0.0256
0.0252
0.0255
0.0252
0.0252
0.0255
0.0255
0.0252
0.0257
0.0256
0.0250
0.0253
0.0256
0.0258
0.0261
0.0258
0.0256
0.0252
0.0255
0.0252
0.0253
0.0258
0.0257
0.0250
0.0255
0.0256
0.0255
0.0260
0.0257
0.0255
0.0258
0.0256
0.0254
0.0259
0.0255
0.0253
0.0250
0.0253
0.0254
0.0257
0.0254
0.0258
0.0254
0.0256
0.0257
0.0253
0.0257
0.0256
0.0255
0.0251
0.0257
0.0257
0.0252
0.0257
0.0255
0.0256
0.0255
0.0254
0.0261
0.0254
0.0261
0.0250
0.0258
0.0259
0.0253
0.0252
0.0257
0.0256
0.0253
0.0253
0.0256
0.0255
0.0257
0.0258
0.0258
0.0258
0.0255
0.0259
0.0258
0.0258
0.0252
0.0256
0.0252
0.0254
0.0257
0.0259
0.0257
0.0252
0.0260
0.0277
0.0275
0.0278
0.0274
0.0273
0.0276
0.0277
0.0280
0.0273
0.0277
0.0278
0.0273
0.0274
0.0275
0.0278
0.0273
0.0278
0.0274
0.0278
0.0276
0.0274
0.0278
0.0272
0.0280
0.0274
0.0274
0.0274
0.0274
0.0274
0.0271
0.0273
0.0277
0.0274
0.0278
0.0271
0.0275
0.0276
0.0278
0.0275
0.0278
0.0277
0.0275
0.0280
0.0274
0.0273
0.0277
0.0278
0.0277
0.0274
0.0275
0.0279
0.0274
0.0273
0.0281
0.0282
0.0270
0.0279
0.0277
0.0277
0.0275
0.0276
0.0280
0.0278
0.0279
0.0270
0.0276
0.0275
0.0277
0.0274
0.0275
0.0274
0.0274
0.0277
0.0275
0.0270
0.0281
0.0276
0.0274
0.0281
0.0277
0.0276
0.0276
0.0277
0.0275
0.0276
0.0279
0.0277
0.0277
0.0277
0.0272
0.0278
0.0274
0.0279
0.0275
0.0276
0.0275
0.0276
0.0279
0.0277
0.0280
0.0273
0.0279
0.0272
0.0273
0.0275
0.0273
0.0277
0.0270
0.0274
0.0274
0.0282
0.0277
0.0274
0.0280
0.0275
0.0275
0.0273
0.0277
0.0276
0.0280
0.0278
0.0273
0.0274
0.0273
0.0272
0.0278
0.0277
0.0279
0.0275
0.0279
0.0274
0.0278
0.0275
0.0279
0.0273
0.0276
0.0278
0.0281
0.0276
0.0272
0.0279
0.0276
0.0277
0.0277
0.0275
0.0275
0.0276
0.0274
0.0275
0.0275
0.0278
0.0281
0.0276
0.0278
0.0276
0.0275
0.0273
0.0279
0.0278
0.0272
0.0276
0.0278
0.0276
0.0276
0.0277
0.0275
0.0281
0.0273
0.0271
0.0272
0.0272
0.0276
0.0275
0.0275
0.0270
0.0273
0.0278
0.0273
0.0272
0.0281
0.0276
0.0274
0.0275
0.0279
0.0275
0.0275
0.0273
0.0278
0.0279
0.0280
0.0274
0.0276
0.0272
0.0277
0.0271
0.0272
0.0275
0.0276
0.0270
0.0271
0.0278
0.0275
0.0273
0.0278
0.0275
0.0280
0.0275
0.0281
0.0274
0.0276
0.0273
0.0273
0.0275
0.0276
0.0274
0.0275
0.0279
0.0274
0.0274
0.0277
0.0277
0.0274
0.0275
0.0279
0.0273
0.0279
0.0274
0.0274
0.0278
0.0272
0.0276
0.0276
0.0275
0.0275
0.0279
0.0277
0.0276
0.0277
0.0280
0.0273
0.0280
0.0278
0.0276
0.0274
0.0278
0.0275
0.0277
0.0276
0.0276
0.0282
0.0295
0.0294
0.0294
0.0297
0.0296
0.0294
0.0296
0.0296
0.0298
0.0298
0.0295
0.0293
0.0294
0.0297
0.0296
0.0300
0.0295
0.0295
0.0293
0.0291
0.0299
0.0292
0.0296
0.0297
0.0297
0.0299
0.0298
0.0294
0.0300
0.0297
0.0294
0.0297
0.0296
0.0301
0.0296
0.0294
0.0297
0.0300
0.0294
0.0296
0.0293
0.0294
0.0299
0.0299
0.0295
0.0296
0.0292
0.0296
0.0292
0.0295
0.0298
0.0296
0.0292
0.0296
0.0295
0.0294
0.0291
0.0292
0.0294
0.0298
0.0304
0.0300
0.0296
0.0298
0.0298
0.0301
0.0300
0.0299
0.0295
0.0294
0.0297
0.0299
0.0298
0.0295
0.0300
0.0294
0.0298
0.0293
0.0302
0.0298
0.0296
0.0296
0.0294
0.0290
0.0297
0.0299
0.0297
0.0298
0.0297
0.0299
0.0297
0.0299
0.0297
0.0297
0.0296
0.0295
0.0296
0.0301
0.0295
0.0295
0.0295
0.0296
0.0295
0.0296
0.0300
0.0294
0.0301
0.0298
0.0297
0.0297
0.0294
0.0297
0.0298
0.0297
0.0297
0.0300
0.0299
0.0297
0.0299
0.0298
0.0294
0.0295
0.0299
0.0298
0.0298
0.0296
0.0301
0.0291
0.0297
0.0297
0.0298
0.0296
0.0293
0.0292
0.0294
0.0295
0.0298
0.0296
0.0295
0.0298
0.0302
0.0296
0.0296
0.0297
0.0298
0.0296
0.0297
0.0294
0.0297
0.0299
0.0301
0.0297
0.0298
0.0296
0.0294
0.0293
0.0297
0.0297
0.0293
0.0297
0.0299
0.0296
0.0290
0.0292
0.0302
0.0292
0.0294
0.0293
0.0298
0.0299
0.0295
0.0292
0.0296
0.0299
0.0294
0.0295
0.0293
0.0297
0.0297
0.0303
0.0297
0.0303
0.0299
0.0295
0.0297
0.0298
0.0294
0.0296
0.0297
0.0294
0.0294
0.0296
0.0293
0.0290
0.0294
0.0291
0.0297
0.0295
0.0295
0.0295
0.0299
0.0290
0.0297
0.0294
0.0298
0.0293
0.0298
0.0298
0.0289
0.0293
0.0297
0.0297
0.0289
0.0296
0.0293
0.0294
0.0295
0.0298
0.0299
0.0298
0.0295
0.0292
0.0295
0.0299
0.0293
0.0293
0.0294
0.0295
0.0296
0.0294
0.0297
0.0294
0.0293
0.0296
0.0299
0.0295
0.0296
0.0296
0.0298
0.0296
0.0297
0.0299
0.0292
0.0295
0.0294
0.0293
0.0300
0.0295
0.0293
0.0303
0.0315
0.0316
0.0313
0.0317
0.0320
0.0319
0.0321
0.0312
0.0316
0.0316
0.0317
0.0314
0.0318
0.0315
0.0319
0.0322
0.0316
0.0320
0.0317
0.0313
0.0314
0.0323
0.0314
0.0316
0.0312
0.0320
0.0320
0.0318
0.0312
0.0317
0.0317
0.0319
0.0315
0.0316
0.0313
0.0318
0.0326
0.0317
0.0318
0.0323
0.0316
0.0318
0.0321
0.0317
0.0318
0.0315
0.0317
0.0313
0.0313
0.0318
0.0318
0.0317
0.0319
0.0311
0.0316
0.0318
0.0317
0.0316
0.0321
0.0309
0.0316
0.0317
0.0317
0.0315
0.0316
0.0314
0.0315
0.0322
0.0317
0.0317
0.0317
0.0324
0.0318
0.0317
0.0320
0.0316
0.0311
0.0316
0.0313
0.0315
0.0320
0.0316
0.0324
0.0318
0.0314
0.0316
0.0319
0.0318
0.0319
0.0320
0.0318
0.0317
0.0316
0.0319
0.0312
0.0315
0.0320
0.0316
0.0321
0.0319
0.0317
0.0320
0.0321
0.0319
0.0313
0.0317
0.0317
0.0315
0.0322
0.0320
0.0318
0.0317
0.0313
0.0316
0.0319
0.0313
0.0319
0.0316
0.0317
0.0317
0.0314
0.0312
0.0321
0.0319
0.0318
0.0317
0.0318
0.0320
0.0314
0.0314
0.0315
0.0317
0.0316
0.0319
0.0319
0.0318
0.0320
0.0316
0.0317
0.0314
0.0319
0.0315
0.0317
0.0319
0.0316
0.0314
0.0315
0.0317
0.0320
0.0322
0.0315
0.0314
0.0316
0.0319
0.0313
0.0312
0.0319
0.0317
0.0316
0.0317
0.0317
0.0316
0.0317
0.0320
0.0318
0.0315
0.0314
0.0319
0.0315
0.0312
0.0318
0.0314
0.0316
0.0317
0.0317
0.0319
0.0319
0.0314
0.0318
0.0318
0.0317
0.0323
0.0317
0.0313
0.0321
0.0316
0.0320
0.0315
0.0316
0.0317
0.0317
0.0314
0.0316
0.0316
0.0319
0.0314
0.0322
0.0316
0.0315
0.0317
0.0318
0.0320
0.0319
0.0325
0.0314
0.0318
0.0321
0.0316
0.0311
0.0313
0.0318
0.0317
0.0321
0.0317
0.0316
0.0318
0.0319
0.0316
0.0316
0.0317
0.0319
0.0322
0.0317
0.0317
0.0317
0.0321
0.0318
0.0314
0.0317
0.0318
0.0319
0.0309
0.0317
0.0316
0.0317
0.0317
0.0318
0.0315
0.0316
0.0314
0.0321
0.0317
0.0316
0.0319
0.0320
0.0316
0.0317
0.0319
0.0320
0.0326
0.0340
0.0342
0.0335
0.0333
0.0341
0.0337
0.0336
0.0340
0.0342
0.0331
0.0340
0.0337
0.0343
0.0335
0.0342
0.0339
0.0335
0.0338
0.0341
0.0341
0.0335
0.0344
0.0339
0.0335
0.0343
0.0344
0.0339
0.0341
0.0340
0.0337
0.0344
0.0336
0.0339
0.0340
0.0339
0.0337
0.0334
0.0341
0.0339
0.0341
0.0340
0.0342
0.0337
0.0339
0.0341
0.0343
0.0338
0.0343
0.0337
0.0337
0.0338
0.0338
0.0341
0.0338
0.0344
0.0338
0.0339
0.0341
0.0339
0.0339
0.0336
0.0339
0.0344
0.0339
0.0341
0.0343
0.0341
0.0344
0.0335
0.0342
0.0337
0.0343
0.0339
0.0339
0.0338
0.0339
0.0339
0.0336
0.0341
0.0340
0.0344
0.0338
0.0340
0.0340
0.0342
0.0335
0.0339
0.0338
0.0341
0.0341
0.0339
0.0339
0.0339
0.0339
0.0339
0.0342
0.0343
0.0339
0.0340
0.0341
0.0339
0.0342
0.0340
0.0345
0.0341
0.0339
0.0339
0.0339
0.0338
0.0343
0.0344
0.0342
0.0340
0.0338
0.0339
0.0337
0.0340
0.0339
0.0342
0.0337
0.0338
0.0341
0.0335
0.0341
0.0335
0.0339
0.0338
0.0343
0.0339
0.0345
0.0342
0.0341
0.0340
0.0337
0.0340
0.0338
0.0339
0.0340
0.0342
0.0339
0.0345
0.0342
0.0342
0.0336
0.0339
0.0342
0.0339
0.0338
0.0341
0.0344
0.0344
0.0339
0.0340
0.0334
0.0343
0.0333
0.0344
0.0335
0.0343
0.0338
0.0343
0.0337
0.0339
0.0342
0.0339
0.0340
0.0344
0.0341
0.0339
0.0340
0.0342
0.0338
0.0338
0.0342
0.0341
0.0339
0.0339
0.0337
0.0343
0.0338
0.0335
0.0341
0.0342
0.0340
0.0339
0.0343
0.0339
0.0338
0.0336
0.0339
0.0341
0.0340
0.0345
0.0341
0.0344
0.0336
0.0338
0.0342
0.0342
0.0339
0.0337
0.0343
0.0335
0.0338
0.0339
0.0342
0.0342
0.0343
0.0342
0.0338
0.0339
0.0341
0.0341
0.0339
0.0335
0.0340
0.0337
0.0344
0.0339
0.0340
0.0338
0.0340
0.0341
0.0343
0.0338
0.0339
0.0341
0.0340
0.0342
0.0345
0.0343
0.0339
0.0338
0.0338
0.0339
0.0341
0.0335
0.0342
0.0341
0.0334
0.0341
0.0338
0.0337
0.0335
0.0340
0.0342
0.0334
0.0346
0.0337
0.0345
0.0364
0.0358
0.0365
0.0360
0.0364
0.0364
0.0363
0.0362
0.0363
0.0364
0.0359
0.0365
0.0359
0.0361
0.0364
0.0364
0.0363
0.0362
0.0359
0.0360
0.0363
0.0365
0.0358
0.0365
0.0361
0.0363
0.0361
0.0364
0.0360
0.0361
0.0366
0.0358
0.0361
0.0359
0.0366
0.0361
0.0361
0.0358
0.0364
0.0364
0.0361
0.0361
0.0357
0.0363
0.0358
0.0365
0.0360
0.0362
0.0364
0.0358
0.0364
0.0359
0.0357
0.0363
0.0358
0.0364
0.0359
0.0359
0.0361
0.0362
0.0357
0.0360
0.0364
0.0362
0.0361
0.0360
0.0362
0.0361
0.0363
0.0363
0.0357
0.0359
0.0359
0.0360
0.0364
0.0366
0.0362
0.0363
0.0356
0.0361
0.0362
0.0358
0.0362
0.0359
0.0359
0.0364
0.0359
0.0362
0.0361
0.0363
0.0356
0.0356
0.0361
0.0358
0.0359
0.0361
0.0363
0.0358
0.0360
0.0362
0.0362
0.0358
0.0359
0.0351
0.0362
0.0358
0.0363
0.0360
0.0366
0.0358
0.0360
0.0364
0.0365
0.0361
0.0360
0.0364
0.0363
0.0361
0.0365
0.0362
0.0365
0.0362
0.0361
0.0364
0.0362
0.0359
0.0361
0.0363
0.0360
0.0356
0.0362
0.0359
0.0353
0.0365
0.0360
0.0359
0.0360
0.0364
0.0364
0.0360
0.0361
0.0360
0.0365
0.0365
0.0364
0.0362
0.0361
0.0365
0.0359
0.0362
0.0363
0.0364
0.0362
0.0358
0.0361
0.0359
0.0363
0.0364
0.0361
0.0367
0.0361
0.0358
0.0359
0.0357
0.0362
0.0362
0.0361
0.0368
0.0362
0.0362
0.0364
0.0362
0.0359
0.0363
0.0358
0.0361
0.0364
0.0365
0.0362
0.0360
0.0364
0.0364
0.0365
0.0361
0.0361
0.0359
0.0359
0.0365
0.0360
0.0363
0.0364
0.0365
0.0357
0.0365
0.0360
0.0363
0.0365
0.0363
0.0362
0.0364
0.0360
0.0366
0.0362
0.0363
0.0362
0.0360
0.0361
0.0365
0.0360
0.0364
0.0360
0.0362
0.0359
0.0364
0.0360
0.0367
0.0363
0.0361
0.0362
0.0361
0.0362
0.0358
0.0363
0.0362
0.0362
0.0362
0.0360
0.0363
0.0358
0.0360
0.0365
0.0359
0.0365
0.0363
0.0361
0.0359
0.0362
0.0360
0.0365
0.0361
0.0358
0.0362
0.0359
0.0358
0.0357
0.0360
0.0366
0.0362
0.0362
0.0365
0.0387
0.0387
0.0388
0.0389
0.0382
0.0382
0.0381
0.0385
0.0386
0.0384
0.0384
0.0389
0.0389
0.0383
0.0389
0.0386
0.0386
0.0386
0.0388
0.0383
0.0384
0.0380
0.0387
0.0386
0.0386
0.0386
0.0382
0.0385
0.0391
0.0388
0.0384
0.0382
0.0385
0.0382
0.0385
0.0388
0.0383
0.0386
0.0385
0.0389
0.0387
0.0385
0.0388
0.0391
0.0390
0.0385
0.0388
0.0384
0.0386
0.0385
0.0388
0.0383
0.0384
0.0388
0.0387
0.0384
0.0384
0.0385
0.0386
0.0384
0.0380
0.0390
0.0381
0.0385
0.0385
0.0389
0.0386
0.0382
0.0385
0.0385
0.0384
0.0387
0.0385
0.0385
0.0382
0.0386
0.0390
0.0387
0.0385
0.0386
0.0383
0.0384
0.0381
0.0383
0.0382
0.0386
0.0387
0.0383
0.0390
0.0382
0.0383
0.0381
0.0382
0.0393
0.0389
0.0388
0.0386
0.0384
0.0388
0.0387
0.0390
0.0386
0.0389
0.0381
0.0385
0.0388
0.0385
0.0387
0.0386
0.0384
0.0380
0.0387
0.0387
0.0382
0.0382
0.0387
0.0388
0.0379
0.0384
0.0385
0.0386
0.0386
0.0382
0.0384
0.0383
0.0386
0.0384
0.0387
0.0384
0.0385
0.0388
0.0386
0.0386
0.0391
0.0384
0.0383
0.0385
0.0384
0.0385
0.0383
0.0382
0.0387
0.0381
0.0386
0.0385
0.0391
0.0388
0.0387
0.0387
0.0387
0.0383
0.0384
0.0387
0.0381
0.0388
0.0389
0.0380
0.0387
0.0384
0.0384
0.0391
0.0382
0.0386
0.0384
0.0387
0.0386
0.0392
0.0380
0.0384
0.0388
0.0384
0.0389
0.0387
0.0382
0.0389
0.0385
0.0388
0.0385
0.0387
0.0383
0.0385
0.0385
0.0385
0.0381
0.0380
0.0388
0.0388
0.0381
0.0381
0.0385
0.0382
0.0375
0.0385
0.0385
0.0386
0.0389
0.0389
0.0386
0.0392
0.0385
0.0382
0.0385
0.0383
0.0384
0.0386
0.0384
0.0391
0.0387
0.0387
0.0387
0.0387
0.0385
0.0387
0.0385
0.0385
0.0382
0.0384
0.0385
0.0386
0.0390
0.0384
0.0385
0.0386
0.0379
0.0383
0.0381
0.0388
0.0386
0.0389
0.0389
0.0389
0.0387
0.0383
0.0387
0.0383
0.0384
0.0385
0.0388
0.0381
0.0383
0.0384
0.0382
0.0380
0.0384
0.0387
0.0388
0.0382
0.0384
0.0388
0.0397
0.0411
0.0421
0.0405
0.0412
0.0405
0.0410
0.0411
0.0409
0.0409
0.0411
0.0409
0.0411
0.0411
0.0408
0.0415
0.0410
0.0408
0.0413
0.0406
0.0408
0.0413
0.0412
0.0412
0.0405
0.0413
0.0409
0.0409
0.0408
0.0410
0.0411
0.0412
0.0412
0.0416
0.0407
0.0414
0.0410
0.0411
0.0408
0.0409
0.0413
0.0412
0.0412
0.0411
0.0409
0.0405
0.0406
0.0408
0.0411
0.0411
0.0413
0.0414
0.0411
0.0411
0.0412
0.0414
0.0411
0.0408
0.0411
0.0415
0.0409
0.0412
0.0404
0.0406
0.0410
0.0415
0.0408
0.0414
0.0403
0.0404
0.0405
0.0414
0.0412
0.0408
0.0407
0.0414
0.0410
0.0412
0.0410
0.0412
0.0413
0.0409
0.0410
0.0408
0.0407
0.0407
0.0411
0.0412
0.0410
0.0408
0.0407
0.0417
0.0408
0.0409
0.0408
0.0411
0.0411
0.0409
0.0407
0.0412
0.0412
0.0410
0.0415
0.0412
0.0409
0.0406
0.0411
0.0410
0.0412
0.0412
0.0411
0.0408
0.0404
0.0413
0.0409
0.0407
0.0413
0.0411
0.0410
0.0406
0.0417
0.0413
0.0410
0.0411
0.0406
0.0411
0.0409
0.0406
0.0406
0.0413
0.0406
0.0411
0.0410
0.0411
0.0412
0.0413
0.0413
0.0410
0.0411
0.0413
0.0412
0.0410
0.0408
0.0408
0.0408
0.0413
0.0413
0.0405
0.0409
0.0405
0.0410
0.0406
0.0413
0.0405
0.0408
0.0408
0.0413
0.0414
0.0415
0.0410
0.0410
0.0408
0.0406
0.0410
0.0408
0.0411
0.0408
0.0411
0.0412
0.0414
0.0413
0.0414
0.0411
0.0408
0.0415
0.0411
0.0411
0.0414
0.0414
0.0408
0.0402
0.0406
0.0414
0.0414
0.0414
0.0406
0.0409
0.0413
0.0409
0.0407
0.0409
0.0408
0.0409
0.0409
0.0409
0.0408
0.0413
0.0409
0.0411
0.0414
0.0405
0.0408
0.0409
0.0408
0.0413
0.0411
0.0406
0.0409
0.0412
0.0411
0.0413
0.0405
0.0407
0.0406
0.0405
0.0413
0.0409
0.0409
0.0414
0.0409
0.0409
0.0405
0.0413
0.0415
0.0413
0.0411
0.0414
0.0410
0.0411
0.0410
0.0416
0.0411
0.0407
0.0408
0.0412
0.0409
0.0411
0.0412
0.0413
0.0413
0.0409
0.0409
0.0412
0.0411
0.0410
0.0408
0.0408
0.0411
0.0408
0.0407
0.0421
0.0446
0.0439
0.0434
0.0438
0.0436
0.0438
0.0437
0.0432
0.0434
0.0437
0.0437
0.0430
0.0433
0.0434
0.0434
0.0433
0.0433
0.0435
0.0436
0.0433
0.0432
0.0437
0.0437
0.0439
0.0442
0.0434
0.0439
0.0442
0.0435
0.0433
0.0435
0.0438
0.0442
0.0432
0.0436
0.0436
0.0432
0.0438
0.0439
0.0434
0.0438
0.0437
0.0443
0.0433
0.0433
0.0435
0.0433
0.0438
0.0434
0.0432
0.0434
0.0436
0.0437
0.0440
0.0437
0.0433
0.0436
0.0438
0.0438
0.0437
0.0440
0.0432
0.0433
0.0436
0.0433
0.0433
0.0436
0.0439
0.0436
0.0438
0.0432
0.0438
0.0434
0.0434
0.0438
0.0432
0.0434
0.0437
0.0433
0.0431
0.0437
0.0436
0.0439
0.0435
0.0441
0.0437
0.0439
0.0432
0.0435
0.0433
0.0433
0.0443
0.0435
0.0435
0.0443
0.0435
0.0439
0.0437
0.0439
0.0438
0.0433
0.0439
0.0437
0.0438
0.0440
0.0433
0.0436
0.0440
0.0438
0.0440
0.0437
0.0437
0.0434
0.0433
0.0436
0.0436
0.0437
0.0437
0.0439
0.0433
0.0439
0.0434
0.0435
0.0436
0.0437
0.0427
0.0439
0.0439
0.0440
0.0439
0.0436
0.0434
0.0439
0.0438
0.0437
0.0434
0.0439
0.0433
0.0436
0.0437
0.0434
0.0437
0.0433
0.0441
0.0436
0.0442
0.0437
0.0437
0.0435
0.0431
0.0435
0.0431
0.0431
0.0439
0.0437
0.0436
0.0439
0.0432
0.0435
0.0435
0.0431
0.0433
0.0434
0.0435
0.0434
0.0435
0.0433
0.0439
0.0431
0.0434
0.0437
0.0441
0.0430
0.0437
0.0439
0.0438
0.0436
0.0437
0.0436
0.0432
0.0436
0.0436
0.0437
0.0435
0.0434
0.0438
0.0436
0.0435
0.0433
0.0440
0.0436
0.0439
0.0434
0.0439
0.0441
0.0436
0.0431
0.0438
0.0438
0.0439
0.0438
0.0436
0.0438
0.0435
0.0436
0.0438
0.0437
0.0436
0.0439
0.0434
0.0442
0.0440
0.0441
0.0436
0.0432
0.0436
0.0439
0.0429
0.0439
0.0434
0.0438
0.0440
0.0437
0.0436
0.0431
0.0435
0.0433
0.0435
0.0433
0.0436
0.0436
0.0436
0.0431
0.0434
0.0440
0.0438
0.0434
0.0435
0.0431
0.0437
0.0439
0.0438
0.0432
0.0432
0.0437
0.0432
0.0440
0.0435
0.0436
0.0449
0.0482
0.0466
0.0461
0.0465
0.0463
0.0462
0.0466
0.0463
0.0461
0.0466
0.0459
0.0462
0.0471
0.0462
0.0466
0.0461
0.0466
0.0464
0.0461
0.0464
0.0467
0.0464
0.0467
0.0471
0.0463
0.0460
0.0465
0.0464
0.0461
0.0462
0.0463
0.0466
0.0464
0.0468
0.0462
0.0464
0.0461
0.0462
0.0465
0.0467
0.0461
0.0464
0.0466
0.0465
0.0466
0.0465
0.0463
0.0463
0.0462
0.0466
0.0469
0.0465
0.0464
0.0468
0.0469
0.0466
0.0464
0.0460
0.0466
0.0461
0.0464
0.0469
0.0469
0.0463
0.0467
0.0460
0.0466
0.0465
0.0474
0.0462
0.0463
0.0462
0.0466
0.0462
0.0458
0.0463
0.0466
0.0463
0.0468
0.0467
0.0468
0.0463
0.0462
0.0459
0.0463
0.0465
0.0462
0.0459
0.0468
0.0461
0.0463
0.0464
0.0467
0.0467
0.0466
0.0463
0.0466
0.0462
0.0466
0.0463
0.0463
0.0464
0.0463
0.0464
0.0470
0.0467
0.0464
0.0464
0.0464
0.0466
0.0459
0.0465
0.0462
0.0462
0.0466
0.0465
0.0467
0.0464
0.0466
0.0462
0.0465
0.0465
0.0463
0.0464
0.0468
0.0464
0.0468
0.0467
0.0463
0.0464
0.0464
0.0464
0.0465
0.0462
0.0461
0.0463
0.0467
0.0468
0.0463
0.0465
0.0467
0.0469
0.0463
0.0465
0.0468
0.0469
0.0468
0.0464
0.0461
0.0470
0.0465
0.0461
0.0462
0.0462
0.0464
0.0462
0.0460
0.0464
0.0463
0.0465
0.0467
0.0465
0.0466
0.0464
0.0466
0.0464
0.0466
0.0463
0.0469
0.0464
0.0464
0.0462
0.0457
0.0462
0.0466
0.0463
0.0467
0.0460
0.0465
0.0462
0.0465
0.0463
0.0464
0.0464
0.0467
0.0465
0.0466
0.0467
0.0466
0.0467
0.0463
0.0467
0.0466
0.0464
0.0468
0.0463
0.0467
0.0464
0.0469
0.0461
0.0465
0.0465
0.0463
0.0463
0.0465
0.0464
0.0466
0.0465
0.0467
0.0462
0.0464
0.0465
0.0462
0.0470
0.0467
0.0467
0.0466
0.0461
0.0461
0.0466
0.0464
0.0465
0.0461
0.0464
0.0468
0.0466
0.0462
0.0464
0.0466
0.0466
0.0465
0.0462
0.0466
0.0462
0.0462
0.0464
0.0463
0.0469
0.0464
0.0467
0.0460
0.0466
0.0462
0.0465
0.0465
0.0467
0.0465
0.0467
0.0464
0.0482
0.0504
0.0495
0.0503
0.0495
0.0498
0.0493
0.0498
0.0499
0.0498
0.0494
0.0500
0.0498
0.0498
0.0496
0.0499
0.0497
0.0499
0.0494
0.0495
0.0494
0.0496
0.0496
0.0497
0.0496
0.0495
0.0496
0.0498
0.0495
0.0495
0.0490
0.0497
0.0500
0.0499
0.0497
0.0500
0.0500
0.0495
0.0493
0.0496
0.0495
0.0502
0.0503
0.0498
0.0497
0.0494
0.0495
0.0497
0.0496
0.0496
0.0495
0.0496
0.0499
0.0494
0.0494
0.0494
0.0497
0.0496
0.0500
0.0499
0.0502
0.0492
0.0493
0.0496
0.0497
0.0496
0.0498
0.0499
0.0496
0.0493
0.0494
0.0496
0.0495
0.0500
0.0495
0.0498
0.0498
0.0495
0.0494
0.0499
0.0498
0.0496
0.0494
0.0494
0.0498
0.0498
0.0496
0.0496
0.0497
0.0492
0.0491
0.0494
0.0499
0.0499
0.0498
0.0493
0.0503
0.0497
0.0496
0.0495
0.0492
0.0498
0.0490
0.0499
0.0497
0.0499
0.0497
0.0499
0.0495
0.0498
0.0497
0.0499
0.0497
0.0499
0.0497
0.0498
0.0500
0.0498
0.0501
0.0499
0.0499
0.0492
0.0497
0.0498
0.0492
0.0499
0.0496
0.0497
0.0497
0.0502
0.0495
0.0496
0.0493
0.0493
0.0495
0.0495
0.0492
0.0495
0.0499
0.0498
0.0502
0.0498
0.0496
0.0498
0.0503
0.0497
0.0499
0.0491
0.0496
0.0499
0.0501
0.0494
0.0495
0.0499
0.0498
0.0495
0.0495
0.0494
0.0492
0.0495
0.0495
0.0496
0.0493
0.0494
0.0499
0.0500
0.0496
0.0497
0.0497
0.0498
0.0499
0.0503
0.0500
0.0497
0.0501
0.0501
0.0499
0.0494
0.0497
0.0501
0.0496
0.0496
0.0499
0.0500
0.0501
0.0496
0.0495
0.0503
0.0496
0.0491
0.0494
0.0493
0.0495
0.0496
0.0498
0.0499
0.0494
0.0495
0.0494
0.0496
0.0498
0.0496
0.0500
0.0497
0.0500
0.0498
0.0497
0.0496
0.0495
0.0494
0.0498
0.0496
0.0492
0.0500
0.0496
0.0493
0.0496
0.0497
0.0497
0.0496
0.0497
0.0497
0.0493
0.0496
0.0497
0.0497
0.0494
0.0496
0.0500
0.0496
0.0499
0.0501
0.0498
0.0497
0.0495
0.0497
0.0499
0.0501
0.0495
0.0498
0.0490
0.0499
0.0500
0.0497
0.0493
0.0496
0.0500
0.0499
0.0494
0.0495
0.0511
0.0542
0.0533
0.0534
0.0533
0.0529
0.0529
0.0532
0.0531
0.0531
0.0535
0.0534
0.0531
0.0532
0.0530
0.0529
0.0532
0.0535
0.0532
0.0529
0.0533
0.0531
0.0534
0.0533
0.0536
0.0529
0.0534
0.0532
0.0533
0.0535
0.0536
0.0531
0.0532
0.0538
0.0531
0.0534
0.0533
0.0534
0.0534
0.0532
0.0537
0.0531
0.0536
0.0539
0.0528
0.0532
0.0530
0.0534
0.0533
0.0533
0.0535
0.0535
0.0532
0.0536
0.0536
0.0533
0.0534
0.0532
0.0532
0.0537
0.0533
0.0535
0.0537
0.0535
0.0536
0.0535
0.0531
0.0535
0.0534
0.0536
0.0533
0.0530
0.0536
0.0532
0.0536
0.0532
0.0532
0.0534
0.0536
0.0531
0.0537
0.0530
0.0534
0.0538
0.0535
0.0533
0.0531
0.0539
0.0534
0.0530
0.0529
0.0539
0.0538
0.0532
0.0531
0.0535
0.0530
0.0534
0.0534
0.0531
0.0538
0.0539
0.0532
0.0534
0.0534
0.0530
0.0536
0.0529
0.0537
0.0531
0.0526
0.0533
0.0531
0.0529
0.0531
0.0534
0.0534
0.0535
0.0530
0.0530
0.0535
0.0532
0.0530
0.0539
0.0532
0.0531
0.0531
0.0536
0.0536
0.0535
0.0531
0.0539
0.0536
0.0536
0.0529
0.0537
0.0532
0.0534
0.0527
0.0542
0.0534
0.0533
0.0532
0.0537
0.0529
0.0535
0.0533
0.0532
0.0535
0.0534
0.0534
0.0529
0.0527
0.0531
0.0536
0.0531
0.0532
0.0541
0.0529
0.0536
0.0537
0.0531
0.0535
0.0537
0.0535
0.0534
0.0537
0.0532
0.0530
0.0535
0.0534
0.0534
0.0538
0.0532
0.0532
0.0536
0.0538
0.0530
0.0534
0.0531
0.0532
0.0533
0.0533
0.0533
0.0532
0.0533
0.0529
0.0533
0.0534
0.0533
0.0532
0.0532
0.0528
0.0532
0.0534
0.0531
0.0532
0.0533
0.0535
0.0530
0.0533
0.0532
0.0537
0.0529
0.0534
0.0533
0.0535
0.0534
0.0538
0.0534
0.0531
0.0534
0.0532
0.0533
0.0536
0.0536
0.0537
0.0533
0.0528
0.0531
0.0538
0.0531
0.0531
0.0533
0.0535
0.0532
0.0529
0.0532
0.0533
0.0536
0.0535
0.0535
0.0533
0.0538
0.0534
0.0539
0.0534
0.0535
0.0541
0.0534
0.0537
0.0531
0.0534
0.0534
0.0531
0.0529
0.0534
0.0537
0.0535
0.0531
0.0554
0.0595
0.0584
0.0579
0.0576
0.0578
0.0579
0.0579
0.0576
0.0577
0.0577
0.0580
0.0579
0.0576
0.0573
0.0576
0.0577
0.0579
0.0576
0.0580
0.0578
0.0576
0.0579
0.0575
0.0574
0.0578
0.0579
0.0576
0.0582
0.0576
0.0581
0.0574
0.0579
0.0575
0.0579
0.0574
0.0580
0.0579
0.0576
0.0580
0.0573
0.0575
0.0576
0.0576
0.0578
0.0578
0.0578
0.0575
0.0577
0.0579
0.0575
0.0575
0.0578
0.0575
0.0576
0.0577
0.0575
0.0577
0.0576
0.0580
0.0578
0.0579
0.0577
0.0577
0.0580
0.0577
0.0578
0.0577
0.0578
0.0576
0.0583
0.0577
0.0578
0.0579
0.0579
0.0578
0.0576
0.0572
0.0577
0.0574
0.0572
0.0576
0.0569
0.0579
0.0576
0.0577
0.0575
0.0578
0.0576
0.0576
0.0582
0.0574
0.0576
0.0578
0.0579
0.0576
0.0577
0.0576
0.0577
0.0579
0.0578
0.0578
0.0574
0.0574
0.0579
0.0575
0.0579
0.0575
0.0575
0.0577
0.0577
0.0583
0.0579
0.0579
0.0576
0.0577
0.0577
0.0576
0.0579
0.0579
0.0579
0.0576
0.0569
0.0576
0.0579
0.0576
0.0577
0.0579
0.0574
0.0574
0.0577
0.0580
0.0575
0.0575
0.0576
0.0580
0.0576
0.0575
0.0574
0.0579
0.0579
0.0578
0.0581
0.0579
0.0576
0.0579
0.0574
0.0579
0.0576
0.0578
0.0579
0.0575
0.0574
0.0578
0.0579
0.0577
0.0576
0.0580
0.0579
0.0578
0.0577
0.0577
0.0580
0.0577
0.0576
0.0580
0.0578
0.0572
0.0580
0.0581
0.0577
0.0581
0.0581
0.0579
0.0580
0.0574
0.0579
0.0577
0.0574
0.0578
0.0576
0.0576
0.0578
0.0580
0.0581
0.0576
0.0575
0.0576
0.0575
0.0574
0.0573
0.0574
0.0580
0.0576
0.0573
0.0573
0.0576
0.0579
0.0580
0.0576
0.0578
0.0579
0.0575
0.0582
0.0577
0.0578
0.0576
0.0579
0.0578
0.0581
0.0574
0.0578
0.0580
0.0577
0.0579
0.0579
0.0578
0.0573
0.0574
0.0576
0.0578
0.0576
0.0571
0.0578
0.0575
0.0578
0.0577
0.0574
0.0576
0.0571
0.0576
0.0579
0.0576
0.0574
0.0578
0.0576
0.0578
0.0575
0.0578
0.0577
0.0576
0.0574
0.0576
0.0579
0.0572
0.0576
0.0581
0.0578
0.0577
0.0578
0.0605
0.0661
0.0629
0.0632
0.0632
0.0632
0.0631
0.0632
0.0629
0.0631
0.0634
0.0633
0.0634
0.0633
0.0637
0.0635
0.0633
0.0633
0.0636
0.0634
0.0632
0.0634
0.0631
0.0632
0.0635
0.0633
0.0635
0.0634
0.0635
0.0633
0.0629
0.0631
0.0635
0.0631
0.0630
0.0631
0.0632
0.0636
0.0630
0.0634
0.0637
0.0632
0.0632
0.0637
0.0634
0.0631
0.0632
0.0634
0.0634
0.0633
0.0633
0.0632
0.0630
0.0631
0.0632
0.0633
0.0631
0.0632
0.0630
0.0635
0.0633
0.0634
0.0633
0.0633
0.0632
0.0630
0.0632
0.0632
0.0630
0.0633
0.0632
0.0632
0.0634
0.0631
0.0633
0.0632
0.0633
0.0631
0.0634
0.0633
0.0633
0.0633
0.0631
0.0631
0.0633
0.0630
0.0635
0.0630
0.0633
0.0632
0.0637
0.0631
0.0630
0.0634
0.0632
0.0633
0.0635
0.0635
0.0631
0.0637
0.0634
0.0632
0.0632
0.0633
0.0634
0.0637
0.0634
0.0631
0.0633
0.0631
0.0631
0.0634
0.0633
0.0627
0.0635
0.0633
0.0632
0.0634
0.0632
0.0635
0.0631
0.0633
0.0631
0.0629
0.0633
0.0633
0.0632
0.0632
0.0635
0.0630
0.0634
0.0631
0.0637
0.0632
0.0631
0.0631
0.0637
0.0630
0.0630
0.0636
0.0634
0.0632
0.0633
0.0635
0.0633
0.0631
0.0631
0.0632
0.0631
0.0632
0.0633
0.0629
0.0628
0.0638
0.0631
0.0635
0.0635
0.0628
0.0633
0.0631
0.0633
0.0630
0.0633
0.0633
0.0633
0.0635
0.0633
0.0635
0.0631
0.0636
0.0636
0.0632
0.0632
0.0636
0.0631
0.0630
0.0633
0.0632
0.0632
0.0630
0.0637
0.0629
0.0629
0.0632
0.0631
0.0632
0.0635
0.0638
0.0631
0.0631
0.0631
0.0627
0.0633
0.0634
0.0630
0.0632
0.0634
0.0628
0.0634
0.0631
0.0631
0.0631
0.0633
0.0633
0.0633
0.0633
0.0630
0.0634
0.0634
0.0629
0.0633
0.0633
0.0633
0.0635
0.0630
0.0629
0.0635
0.0633
0.0631
0.0633
0.0630
0.0633
0.0636
0.0632
0.0635
0.0630
0.0632
0.0634
0.0637
0.0634
0.0634
0.0634
0.0631
0.0629
0.0635
0.0630
0.0634
0.0633
0.0631
0.0630
0.0629
0.0633
0.0628
0.0636
0.0632
0.0630
0.0635
0.0633
0.0629
0.0634
0.0687
0.0805
0.0726
0.0757
0.0756
0.0761
0.0755
0.0756
0.0760
0.0754
0.0752
0.0756
0.0757
0.0758
0.0755
0.0759
0.0757
0.0752
0.0757
0.0760
0.0759
0.0756
0.0756
0.0755
0.0757
0.0758
0.0755
0.0760
0.0756
0.0755
0.0754
0.0754
0.0755
0.0758
0.0756
0.0757
0.0755
0.0750
0.0757
0.0753
0.0755
0.0754
0.0756
0.0756
0.0758
0.0754
0.0758
0.0758
0.0756
0.0753
0.0760
0.0755
0.0755
0.0759
0.0756
0.0758
0.0753
0.0758
0.0761
0.0757
0.0759
0.0753
0.0753
0.0754
0.0756
0.0756
0.0756
0.0755
0.0757
0.0754
0.0755
0.0760
0.0756
0.0757
0.0753
0.0753
0.0754
0.0756
0.0757
0.0758
0.0758
0.0759
0.0755
0.0755
0.0759
0.0760
0.0755
0.0754
0.0762
0.0758
0.0758
0.0756
0.0757
0.0755
0.0758
0.0761
0.0760
0.0757
0.0758
0.0756
0.0755
0.0759
0.0754
0.0755
0.0752
0.0757
0.0753
0.0758
0.0756
0.0759
0.0751
0.0754
0.0751
0.0757
0.0760
0.0756
0.0752
0.0756
0.0755
0.0757
0.0760
0.0754
0.0758
0.0755
0.0752
0.0757
0.0752
0.0756
0.0754
0.0757
0.0759
0.0756
0.0755
0.0756
0.0752
0.0759
0.0758
0.0761
0.0756
0.0756
0.0756
0.0757
0.0760
0.0757
0.0757
0.0759
0.0754
0.0758
0.0753
0.0757
0.0753
0.0754
0.0758
0.0756
0.0758
0.0757
0.0760
0.0759
0.0752
0.0753
0.0761
0.0750
0.0757
0.0754
0.0754
0.0750
0.0761
0.0755
0.0757
0.0760
0.0757
0.0761
0.0755
0.0759
0.0754
0.0758
0.0758
0.0758
0.0752
0.0760
0.0754
0.0752
0.0758
0.0758
0.0758
0.0755
0.0754
0.0755
0.0758
0.0750
0.0755
0.0755
0.0754
0.0757
0.0763
0.0761
0.0759
0.0755
0.0761
0.0753
0.0756
0.0755
0.0756
0.0757
0.0759
0.0755
0.0756
0.0760
0.0755
0.0760
0.0757
0.0755
0.0756
0.0755
0.0760
0.0756
0.0754
0.0759
0.0755
0.0754
0.0754
0.0755
0.0761
0.0755
0.0760
0.0758
0.0753
0.0757
0.0755
0.0756
0.0755
0.0751
0.0752
0.0758
0.0754
0.0757
0.0757
0.0753
0.0761
0.0754
0.0760
0.0756
0.0755
0.0754
0.0754
0.0753
0.0759
0.0750
0.0758
0.0757
0.0821
0.0979
0.0873
0.0921
0.0922
0.0919
0.0914
0.0921
0.0919
0.0918
0.0919
0.0922
0.0915
0.0915
0.0916
0.0915
0.0918
0.0918
0.0919
0.0918
0.0919
0.0914
0.0916
0.0914
0.0914
0.0917
0.0917
0.0915
0.0921
0.0916
0.0923
0.0914
0.0920
0.0912
0.0915
0.0919
0.0920
0.0919
0.0923
0.0920
0.0915
0.0916
0.0918
0.0916
0.0918
0.0913
0.0914
0.0918
0.0918
0.0919
0.0921
0.0921
0.0922
0.0923
0.0918
0.0916
0.0917
0.0915
0.0919
0.0915
0.0918
0.0914
0.0919
0.0918
0.0916
0.0917
0.0916
0.0914
0.0916
0.0918
0.0918
0.0919
0.0917
0.0916
0.0914
0.0917
0.0919
0.0917
0.0917
0.0922
0.0920
0.0916
0.0915
0.0917
0.0921
0.0919
0.0910
0.0921
0.0918
0.0917
0.0915
0.0921
0.0918
0.0921
0.0918
0.0918
0.0913
0.0924
0.0920
0.0916
0.0917
0.0917
0.0918
0.0917
0.0915
0.0916
0.0917
0.0917
0.0916
0.0918
0.0917
0.0919
0.0918
0.0916
0.0920
0.0919
0.0917
0.0920
0.0914
0.0921
0.0918
0.0917
0.0918
0.0920
0.0920
0.0916
0.0921
0.0916
0.0921
0.0921
0.0916
0.0916
0.0918
0.0921
0.0917
0.0917
0.0921
0.0917
0.0917
0.0923
0.0917
0.0921
0.0918
0.0912
0.0917
0.0921
0.0914
0.0920
0.0917
0.0914
0.0921
0.0916
0.0918
0.0917
0.0920
0.0917
0.0921
0.0924
0.0915
0.0916
0.0915
0.0919
0.0925
0.0916
0.0916
0.0917
0.0916
0.0915
0.0916
0.0915
0.0918
0.0915
0.0920
0.0916
0.0918
0.0915
0.0917
0.0922
0.0918
0.0917
0.0920
0.0918
0.0919
0.0916
0.0913
0.0914
0.0918
0.0917
0.0922
0.0921
0.0923
0.0920
0.0917
0.0919
0.0918
0.0916
0.0919
0.0920
0.0918
0.0917
0.0919
0.0918
0.0917
0.0916
0.0920
0.0921
0.0919
0.0917
0.0919
0.0916
0.0914
0.0919
0.0916
0.0919
0.0921
0.0921
0.0916
0.0916
0.0914
0.0916
0.0916
0.0917
0.0921
0.0920
0.0917
0.0918
0.0916
0.0919
0.0922
0.0920
0.0919
0.0915
0.0916
0.0921
0.0918
0.0915
0.0918
0.0919
0.0920
0.0918
0.0913
0.0916
0.0918
0.0923
0.0921
0.0919
0.0917
0.0917
0.0915
0.0916
0.0975
0.1113
0.1030
0.1060
0.1063
0.1058
0.1066
0.1065
0.1062
0.1061
0.1058
0.1062
0.1058
0.1057
0.1062
0.1061
0.1057
0.1062
0.1062
0.1063
0.1057
0.1060
0.1057
0.1061
0.1059
0.1061
0.1058
0.1059
0.1060
0.1059
0.1058
0.1060
0.1060
0.1055
0.1058
0.1060
0.1060
0.1065
0.1061
0.1061
0.1056
0.1059
0.1060
0.1061
0.1058
0.1061
0.1061
0.1061
0.1068
0.1062
0.1058
0.1062
0.1065
0.1055
0.1061
0.1059
0.1062
0.1059
0.1059
0.1065
0.1061
0.1059
0.1060
0.1055
0.1055
0.1062
0.1058
0.1061
0.1059
0.1057
0.1062
0.1065
0.1060
0.1062
0.1060
0.1063
0.1058
0.1060
0.1059
0.1063
0.1059
0.1060
0.1060
0.1058
0.1062
0.1062
0.1057
0.1061
0.1061
0.1060
0.1062
0.1060
0.1057
0.1059
0.1061
0.1063
0.1061
0.1059
0.1065
0.1059
0.1058
0.1062
0.1064
0.1063
0.1058
0.1065
0.1063
0.1059
0.1061
0.1060
0.1062
0.1059
0.1062
0.1061
0.1059
0.1063
0.1059
0.1059
0.1062
0.1062
0.1059
0.1057
0.1058
0.1058
0.1063
0.1064
0.1063
0.1057
0.1063
0.1059
0.1062
0.1061
0.1056
0.1061
0.1058
0.1058
0.1064
0.1058
0.1058
0.1059
0.1058
0.1063
0.1057
0.1056
0.1060
0.1061
0.1062
0.1060
0.1059
0.1057
0.1058
0.1061
0.1058
0.1063
0.1062
0.1061
0.1061
0.1063
0.1064
0.1061
0.1067
0.1060
0.1059
0.1062
0.1059
0.1061
0.1061
0.1064
0.1059
0.1069
0.1062
0.1059
0.1056
0.1061
0.1061
0.1063
0.1059
0.1061
0.1061
0.1061
0.1062
0.1057
0.1060
0.1058
0.1060
0.1063
0.1058
0.1062
0.1060
0.1058
0.1068
0.1060
0.1061
0.1063
0.1060
0.1062
0.1060
0.1064
0.1058
0.1059
0.1066
0.1058
0.1061
0.1064
0.1056
0.1064
0.1061
0.1061
0.1057
0.1061
0.1059
0.1059
0.1057
0.1059
0.1057
0.1062
0.1061
0.1062
0.1056
0.1057
0.1060
0.1063
0.1060
0.1059
0.1060
0.1064
0.1059
0.1061
0.1062
0.1062
0.1058
0.1059
0.1064
0.1059
0.1059
0.1060
0.1063
0.1063
0.1055
0.1061
0.1058
0.1059
0.1058
0.1060
0.1053
0.1059
0.1060
0.1060
0.1057
0.1060
0.1111
0.1292
0.1178
0.1220
0.1219
0.1226
0.1219
0.1220
0.1223
0.1217
0.1220
0.1216
0.1215
0.1219
0.1220
0.1215
0.1223
0.1219
0.1215
0.1222
0.1219
0.1223
0.1214
0.1221
0.1219
0.1221
0.1218
0.1217
0.1219
0.1216
0.1216
0.1220
0.1224
0.1218
0.1221
0.1218
0.1217
0.1216
0.1220
0.1224
0.1218
0.1222
0.1220
0.1220
0.1217
0.1221
0.1219
0.1219
0.1222
0.1220
0.1218
0.1217
0.1217
0.1216
0.1218
0.1218
0.1221
0.1218
0.1216
0.1219
0.1218
0.1219
0.1221
0.1213
0.1219
0.1222
0.1219
0.1219
0.1217
0.1217
0.1218
0.1218
0.1220
0.1219
0.1221
0.1219
0.1219
0.1219
0.1221
0.1219
0.1219
0.1216
0.1220
0.1221
0.1219
0.1221
0.1217
0.1219
0.1218
0.1218
0.1220
0.1218
0.1223
0.1219
0.1212
0.1220
0.1224
0.1221
0.1220
0.1217
0.1221
0.1216
0.1214
0.1217
0.1218
0.1218
0.1218
0.1219
0.1220
0.1222
0.1219
0.1222
0.1219
0.1219
0.1218
0.1220
0.1219
0.1219
0.1222
0.1217
0.1221
0.1216
0.1222
0.1222
0.1221
0.1219
0.1215
0.1217
0.1226
0.1217
0.1218
0.1221
0.1223
0.1218
0.1218
0.1218
0.1223
0.1217
0.1216
0.1220
0.1220
0.1219
0.1218
0.1220
0.1219
0.1221
0.1218
0.1224
0.1223
0.1218
0.1215
0.1221
0.1219
0.1217
0.1217
0.1223
0.1217
0.1216
0.1219
0.1218
0.1222
0.1218
0.1223
0.1217
0.1219
0.1214
0.1217
0.1215
0.1220
0.1223
0.1220
0.1216
0.1219
0.1221
0.1217
0.1218
0.1222
0.1221
0.1219
0.1220
0.1216
0.1220
0.1221
0.1221
0.1218
0.1219
0.1217
0.1220
0.1219
0.1221
0.1220
0.1218
0.1220
0.1220
0.1217
0.1219
0.1221
0.1215
0.1215
0.1218
0.1223
0.1219
0.1220
0.1220
0.1223
0.1221
0.1220
0.1218
0.1216
0.1221
0.1216
0.1219
0.1218
0.1221
0.1217
0.1211
0.1222
0.1223
0.1214
0.1217
0.1219
0.1219
0.1217
0.1218
0.1218
0.1219
0.1222
0.1219
0.1219
0.1219
0.1217
0.1219
0.1219
0.1217
0.1225
0.1221
0.1217
0.1215
0.1218
0.1220
0.1218
0.1218
0.1222
0.1217
0.1219
0.1218
0.1219
0.1214
0.1220
0.1222
0.1281
0.1459
0.1345
0.1391
0.1389
0.1392
0.1391
0.1397
0.1391
0.1391
0.1387
0.1388
0.1388
0.1387
0.1386
0.1393
0.1392
0.1388
0.1393
0.1387
0.1387
0.1386
0.1388
0.1391
0.1391
0.1393
0.1392
0.1393
0.1390
0.1391
0.1391
0.1391
0.1392
0.1390
0.1391
0.1394
0.1388
0.1390
0.1385
0.1389
0.1388
0.1391
0.1390
0.1393
0.1388
0.1390
0.1388
0.1389
0.1388
0.1390
0.1388
0.1388
0.1391
0.1389
0.1384
0.1388
0.1390
0.1392
0.1387
0.1393
0.1386
0.1389
0.1388
0.1393
0.1395
0.1387
0.1391
0.1391
0.1392
0.1390
0.1388
0.1388
0.1391
0.1391
0.1386
0.1385
0.1388
0.1392
0.1392
0.1389
0.1390
0.1391
0.1391
0.1388
0.1391
0.1390
0.1394
0.1389
0.1391
0.1391
0.1391
0.1392
0.1392
0.1394
0.1395
0.1394
0.1391
0.1388
0.1390
0.1392
0.1390
0.1394
0.1388
0.1393
0.1393
0.1391
0.1391
0.1394
0.1390
0.1393
0.1386
0.1390
0.1391
0.1390
0.1398
0.1391
0.1388
0.1390
0.1391
0.1392
0.1391
0.1390
0.1388
0.1390
0.1394
0.1392
0.1388
0.1388
0.1391
0.1388
0.1386
0.1386
0.1391
0.1390
0.1387
0.1390
0.1387
0.1383
0.1391
0.1387
0.1393
0.1390
0.1393
0.1388
0.1385
0.1391
0.1392
0.1387
0.1393
0.1391
0.1385
0.1392
0.1386
0.1386
0.1392
0.1388
0.1392
0.1385
0.1393
0.1388
0.1390
0.1389
0.1387
0.1389
0.1388
0.1391
0.1390
0.1390
0.1392
0.1391
0.1388
0.1388
0.1389
0.1391
0.1392
0.1391
0.1392
0.1384
0.1389
0.1391
0.1385
0.1386
0.1390
0.1392
0.1394
0.1387
0.1390
0.1389
0.1393
0.1387
0.1392
0.1389
0.1388
0.1392
0.1392
0.1389
0.1393
0.1394
0.1391
0.1387
0.1392
0.1393
0.1388
0.1390
0.1394
0.1394
0.1389
0.1389
0.1392
0.1386
0.1386
0.1388
0.1390
0.1394
0.1392
0.1392
0.1389
0.1389
0.1387
0.1391
0.1392
0.1390
0.1389
0.1388
0.1391
0.1387
0.1389
0.1386
0.1389
0.1386
0.1387
0.1392
0.1390
0.1387
0.1390
0.1391
0.1391
0.1386
0.1388
0.1393
0.1390
0.1384
0.1393
0.1392
0.1391
0.1388
0.1389
0.1390
0.1392
0.1387
0.1445
0.1604
0.1503
0.1551
0.1550
0.1552
0.1553
0.1554
0.1555
0.1550
0.1553
0.1554
0.1555
0.1556
0.1554
0.1555
0.1551
0.1556
0.1558
0.1558
0.1553
0.1551
0.1560
0.1556
0.1551
0.1551
0.1549
0.1550
0.1551
0.1553
0.1552
0.1551
0.1552
0.1557
0.1553
0.1551
0.1551
0.1549
0.1551
0.1551
0.1550
0.1554
0.1551
0.1558
0.1560
0.1558
0.1554
0.1554
0.1553
0.1551
0.1552
0.1550
0.1551
0.1551
0.1554
0.1552
0.1551
0.1547
0.1552
0.1554
0.1552
0.1546
0.1557
0.1557
0.1552
0.1554
0.1549
0.1550
0.1551
0.1554
0.1548
0.1549
0.1549
0.1552
0.1551
0.1554
0.1552
0.1557
0.1554
0.1551
0.1552
0.1549
0.1551
0.1556
0.1552
0.1552
0.1555
0.1552
0.1550
0.1556
0.1548
0.1552
0.1549
0.1552
0.1550
0.1553
0.1552
0.1553
0.1552
0.1551
0.1552
0.1554
0.1551
0.1551
0.1549
0.1555
0.1553
0.1548
0.1550
0.1556
0.1552
0.1554
0.1553
0.1556
0.1554
0.1552
0.1555
0.1554
0.1554
0.1550
0.1550
0.1559
0.1550
0.1556
0.1551
0.1552
0.1554
0.1557
0.1552
0.1554
0.1550
0.1547
0.1556
0.1550
0.1551
0.1550
0.1549
0.1552
0.1549
0.1551
0.1552
0.1561
0.1549
0.1551
0.1555
0.1552
0.1548
0.1548
0.1552
0.1553
0.1551
0.1552
0.1551
0.1556
0.1547
0.1554
0.1551
0.1551
0.1554
0.1555
0.1551
0.1549
0.1558
0.1558
0.1556
0.1554
0.1553
0.1551
0.1552
0.1547
0.1553
0.1556
0.1551
0.1553
0.1549
0.1550
0.1551
0.1547
0.1552
0.1556
0.1555
0.1551
0.1561
0.1551
0.1552
0.1552
0.1549
0.1550
0.1554
0.1554
0.1549
0.1550
0.1549
0.1554
0.1552
0.1550
0.1549
0.1552
0.1555
0.1552
0.1550
0.1556
0.1552
0.1553
0.1553
0.1554
0.1551
0.1544
0.1552
0.1549
0.1553
0.1552
0.1555
0.1548
0.1557
0.1550
0.1552
0.1550
0.1554
0.1552
0.1552
0.1551
0.1552
0.1554
0.1554
0.1554
0.1551
0.1553
0.1550
0.1553
0.1555
0.1549
0.1552
0.1553
0.1549
0.1550
0.1556
0.1553
0.1554
0.1551
0.1553
0.1551
0.1553
0.1558
0.1552
0.1550
0.1552
0.1555
0.1552
0.1551
0.1605
0.1772
0.1661
0.1706
0.1707
0.1706
0.1704
0.1709
0.1706
0.1709
0.1706
0.1708
0.1705
0.1703
0.1710
0.1704
0.1699
0.1701
0.1702
0.1705
0.1707
0.1703
0.1709
0.1706
0.1701
0.1702
0.1703
0.1702
0.1705
0.1704
0.1704
0.1697
0.1701
0.1705
0.1706
0.1703
0.1706
0.1708
0.1705
0.1701
0.1707
0.1707
0.1705
0.1704
0.1703
0.1703
0.1706
0.1706
0.1704
0.1706
0.1709
0.1705
0.1707
0.1708
0.1703
0.1708
0.1705
0.1704
0.1709
0.1704
0.1704
0.1706
0.1702
0.1706
0.1710
0.1705
0.1705
0.1707
0.1703
0.1710
0.1704
0.1706
0.1703
0.1703
0.1708
0.1707
0.1702
0.1706
0.1709
0.1705
0.1706
0.1702
0.1705
0.1707
0.1702
0.1706
0.1702
0.1706
0.1702
0.1708
0.1700
0.1702
0.1702
0.1705
0.1707
0.1708
0.1704
0.1707
0.1703
0.1708
0.1705
0.1702
0.1706
0.1704
0.1698
0.1703
0.1706
0.1707
0.1706
0.1708
0.1702
0.1708
0.1710
0.1703
0.1706
0.1704
0.1702
0.1703
0.1707
0.1700
0.1708
0.1702
0.1705
0.1703
0.1703
0.1704
0.1706
0.1705
0.1704
0.1703
0.1703
0.1700
0.1710
0.1709
0.1707
0.1703
0.1705
0.1707
0.1705
0.1706
0.1702
0.1707
0.1707
0.1704
0.1707
0.1705
0.1705
0.1708
0.1707
0.1707
0.1701
0.1700
0.1701
0.1703
0.1702
0.1707
0.1703
0.1703
0.1708
0.1704
0.1703
0.1708
0.1705
0.1705
0.1706
0.1703
0.1705
0.1711
0.1708
0.1702
0.1705
0.1702
0.1702
0.1698
0.1704
0.1704
0.1708
0.1702
0.1707
0.1704
0.1703
0.1705
0.1702
0.1702
0.1703
0.1700
0.1701
0.1702
0.1704
0.1702
0.1706
0.1706
0.1706
0.1705
0.1702
0.1705
0.1707
0.1706
0.1703
0.1707
0.1704
0.1713
0.1704
0.1707
0.1706
0.1701
0.1703
0.1705
0.1704
0.1707
0.1707
0.1702
0.1701
0.1702
0.1706
0.1703
0.1706
0.1701
0.1707
0.1707
0.1704
0.1705
0.1707
0.1705
0.1706
0.1700
0.1705
0.1705
0.1706
0.1706
0.1702
0.1703
0.1706
0.1706
0.1707
0.1706
0.1705
0.1706
0.1702
0.1711
0.1701
0.1703
0.1705
0.1702
0.1702
0.1707
0.1704
0.1707
0.1701
0.1703
0.1763
0.1952
0.1823
0.1897
0.1884
0.1883
0.1880
0.1883
0.1875
0.1881
0.1877
0.1878
0.1876
0.1879
0.1882
0.1878
0.1876
0.1875
0.1875
0.1877
0.1879
0.1879
0.1877
0.1880
0.1876
0.1880
0.1881
0.1874
0.1874
0.1876
0.1880
0.1883
0.1878
0.1875
0.1879
0.1875
0.1879
0.1880
0.1879
0.1882
0.1881
0.1878
0.1877
0.1879
0.1880
0.1876
0.1877
0.1878
0.1872
0.1879
0.1880
0.1876
0.1878
0.1879
0.1881
0.1877
0.1874
0.1880
0.1880
0.1879
0.1876
0.1875
0.1877
0.1878
0.1880
0.1875
0.1882
0.1879
0.1882
0.1881
0.1876
0.1881
0.1877
0.1877
0.1878
0.1877
0.1882
0.1877
0.1881
0.1877
0.1881
0.1877
0.1876
0.1884
0.1885
0.1878
0.1877
0.1877
0.1879
0.1879
0.1879
0.1876
0.1879
0.1880
0.1879
0.1880
0.1874
0.1875
0.1877
0.1884
0.1879
0.1877
0.1880
0.1874
0.1879
0.1881
0.1878
0.1877
0.1881
0.1880
0.1877
0.1877
0.1877
0.1879
0.1882
0.1874
0.1877
0.1880
0.1879
0.1875
0.1877
0.1875
0.1881
0.1878
0.1877
0.1877
0.1876
0.1877
0.1875
0.1880
0.1880
0.1878
0.1883
0.1880
0.1878
0.1878
0.1874
0.1878
0.1877
0.1878
0.1877
0.1880
0.1879
0.1881
0.1881
0.1878
0.1878
0.1876
0.1875
0.1874
0.1880
0.1878
0.1879
0.1886
0.1880
0.1879
0.1874
0.1876
0.1877
0.1874
0.1884
0.1877
0.1880
0.1877
0.1883
0.1878
0.1882
0.1878
0.1879
0.1880
0.1872
0.1879
0.1883
0.1874
0.1878
0.1876
0.1875
0.1872
0.1875
0.1877
0.1881
0.1879
0.1875
0.1877
0.1878
0.1876
0.1878
0.1877
0.1878
0.1878
0.1883
0.1880
0.1878
0.1877
0.1878
0.1874
0.1878
0.1881
0.1878
0.1877
0.1879
0.1874
0.1875
0.1873
0.1875
0.1876
0.1878
0.1878
0.1878
0.1877
0.1881
0.1879
0.1876
0.1872
0.1877
0.1874
0.1876
0.1877
0.1879
0.1877
0.1880
0.1874
0.1879
0.1879
0.1877
0.1877
0.1877
0.1878
0.1873
0.1877
0.1880
0.1874
0.1879
0.1874
0.1874
0.1874
0.1875
0.1879
0.1880
0.1878
0.1879
0.1878
0.1880
0.1878
0.1878
0.1880
0.1876
0.1880
0.1875
0.1877
0.1944
0.2112
0.2007
0.2050
0.2046
0.2044
0.2046
0.2047
0.2049
0.2047
0.2048
0.2047
0.2049
0.2044
0.2049
0.2049
0.2045
0.2042
0.2047
0.2043
0.2043
0.2044
0.2046
0.2048
0.2046
0.2041
0.2050
0.2043
0.2042
0.2048
0.2047
0.2044
0.2045
0.2044
0.2045
0.2048
0.2050
0.2043
0.2047
0.2046
0.2045
0.2044
0.2048
0.2046
0.2044
0.2048
0.2049
0.2050
0.2050
0.2047
0.2046
0.2050
0.2050
0.2048
0.2047
0.2044
0.2050
0.2047
0.2047
0.2051
0.2044
0.2048
0.2043
0.2044
0.2050
0.2043
0.2044
0.2049
0.2043
0.2048
0.2044
0.2043
0.2047
0.2043
0.2051
0.2049
0.2042
0.2047
0.2048
0.2052
0.2050
0.2047
0.2043
0.2047
0.2048
0.2044
0.2049
0.2044
0.2041
0.2045
0.2049
0.2045
0.2046
0.2050
0.2045
0.2046
0.2046
0.2050
0.2045
0.2048
0.2046
0.2049
0.2044
0.2044
0.2045
0.2046
0.2046
0.2044
0.2051
0.2044
0.2045
0.2045
0.2045
0.2048
0.2047
0.2046
0.2048
0.2039
0.2045
0.2048
0.2044
0.2047
0.2046
0.2043
0.2047
0.2046
0.2054
0.2045
0.2049
0.2044
0.2043
0.2049
0.2048
0.2050
0.2050
0.2044
0.2045
0.2052
0.2049
0.2048
0.2043
0.2051
0.2044
0.2041
0.2046
0.2044
0.2048
0.2048
0.2044
0.2046
0.2048
0.2046
0.2045
0.2050
0.2042
0.2048
0.2040
0.2046
0.2043
0.2050
0.2043
0.2045
0.2050
0.2042
0.2042
0.2044
0.2048
0.2048
0.2043
0.2048
0.2043
0.2050
0.2045
0.2051
0.2047
0.2048
0.2046
0.2047
0.2046
0.2045
0.2048
0.2044
0.2045
0.2048
0.2047
0.2046
0.2046
0.2053
0.2048
0.2048
0.2047
0.2046
0.2044
0.2047
0.2044
0.2045
0.2048
0.2045
0.2045
0.2052
0.2050
0.2048
0.2040
0.2050
0.2041
0.2046
0.2041
0.2048
0.2045
0.2046
0.2052
0.2046
0.2048
0.2047
0.2048
0.2045
0.2045
0.2046
0.2043
0.2044
0.2049
0.2045
0.2048
0.2043
0.2041
0.2047
0.2045
0.2049
0.2041
0.2047
0.2046
0.2047
0.2048
0.2047
0.2045
0.2042
0.2043
0.2042
0.2046
0.2038
0.2046
0.2047
0.2045
0.2041
0.2044
0.2047
0.2045
0.2043
0.2044
0.2048
0.2105
0.2271
0.2162
0.2209
0.2206
0.2201
0.2205
0.2205
0.2203
0.2206
0.2202
0.2207
0.2205
0.2204
0.2199
0.2202
0.2205
0.2205
0.2207
0.2202
0.2206
0.2202
0.2203
0.2202
0.2202
0.2204
0.2202
0.2204
0.2208
0.2206
0.2204
0.2201
0.2201
0.2200
0.2206
0.2209
0.2199
0.2196
0.2197
0.2206
0.2208
0.2201
0.2205
0.2209
0.2201
0.2203
0.2206
0.2203
0.2200
0.2202
0.2200
0.2201
0.2202
0.2206
0.2204
0.2202
0.2199
0.2205
0.2204
0.2203
0.2200
0.2204
0.2203
0.2204
0.2207
0.2204
0.2203
0.2201
0.2204
0.2203
0.2204
0.2202
0.2202
0.2206
0.2205
0.2200
0.2205
0.2201
0.2205
0.2203
0.2201
0.2204
0.2208
0.2204
0.2198
0.2201
0.2201
0.2204
0.2201
0.2203
0.2198
0.2203
0.2205
0.2204
0.2203
0.2203
0.2202
0.2200
0.2203
0.2205
0.2199
0.2200
0.2200
0.2202
0.2201
0.2200
0.2204
0.2204
0.2206
0.2206
0.2201
0.2204
0.2201
0.2201
0.2208
0.2203
0.2199
0.2204
0.2205
0.2204
0.2203
0.2199
0.2203
0.2201
0.2203
0.2205
0.2206
0.2205
0.2204
0.2200
0.2204
0.2200
0.2208
0.2198
0.2204
0.2205
0.2202
0.2205
0.2199
0.2206
0.2201
0.2198
0.2205
0.2203
0.2202
0.2202
0.2201
0.2205
0.2199
0.2201
0.2199
0.2200
0.2204
0.2199
0.2204
0.2204
0.2201
0.2205
0.2204
0.2204
0.2203
0.2200
0.2199
0.2206
0.2206
0.2202
0.2199
0.2201
0.2206
0.2205
0.2207
0.2202
0.2202
0.2203
0.2199
0.2206
0.2201
0.2202
0.2199
0.2203
0.2204
0.2201
0.2200
0.2203
0.2202
0.2202
0.2202
0.2202
0.2204
0.2206
0.2201
0.2203
0.2202
0.2204
0.2204
0.2202
0.2203
0.2205
0.2206
0.2200
0.2203
0.2204
0.2202
0.2200
0.2209
0.2205
0.2200
0.2205
0.2200
0.2204
0.2202
0.2202
0.2202
0.2203
0.2199
0.2201
0.2199
0.2206
0.2200
0.2203
0.2204
0.2201
0.2200
0.2205
0.2205
0.2200
0.2203
0.2204
0.2202
0.2203
0.2201
0.2204
0.2203
0.2203
0.2203
0.2206
0.2206
0.2201
0.2199
0.2204
0.2198
0.2203
0.2201
0.2203
0.2200
0.2203
0.2199
0.2202
0.2200
0.2201
0.2253
0.2448
0.2336
0.2367
0.2371
0.2369
0.2369
0.2367
0.2364
0.2368
0.2362
0.2364
0.2369
0.2366
0.2367
0.2363
0.2370
0.2370
0.2367
0.2366
0.2361
0.2363
0.2371
0.2368
0.2371
0.2363
0.2369
0.2366
0.2366
0.2369
0.2367
0.2368
0.2368
0.2365
0.2367
0.2371
0.2370
0.2369
0.2372
0.2365
0.2368
0.2366
0.2368
0.2368
0.2371
0.2366
0.2369
0.2365
0.2362
0.2373
0.2367
0.2368
0.2365
0.2367
0.2365
0.2371
0.2366
0.2375
0.2369
0.2368
0.2368
0.2371
0.2367
0.2367
0.2369
0.2368
0.2366
0.2370
0.2367
0.2367
0.2366
0.2369
0.2367
0.2373
0.2367
0.2369
0.2363
0.2367
0.2368
0.2368
0.2367
0.2364
0.2364
0.2367
0.2364
0.2369
0.2366
0.2366
0.2362
0.2370
0.2372
0.2368
0.2363
0.2365
0.2363
0.2371
0.2368
0.2366
0.2366
0.2364
0.2364
0.2366
0.2373
0.2367
0.2371
0.2371
0.2367
0.2366
0.2367
0.2371
0.2365
0.2370
0.2363
0.2367
0.2367
0.2366
0.2366
0.2369
0.2367
0.2367
0.2363
0.2371
0.2368
0.2363
0.2371
0.2364
0.2363
0.2369
0.2365
0.2367
0.2367
0.2367
0.2368
0.2369
0.2367
0.2366
0.2365
0.2368
0.2366
0.2361
0.2365
0.2366
0.2364
0.2365
0.2367
0.2366
0.2365
0.2366
0.2368
0.2363
0.2367
0.2364
0.2363
0.2367
0.2367
0.2364
0.2367
0.2368
0.2369
0.2363
0.2366
0.2366
0.2370
0.2368
0.2364
0.2369
0.2367
0.2366
0.2370
0.2366
0.2367
0.2371
0.2366
0.2367
0.2369
0.2367
0.2369
0.2368
0.2365
0.2365
0.2373
0.2364
0.2365
0.2364
0.2365
0.2359
0.2373
0.2367
0.2368
0.2368
0.2367
0.2363
0.2363
0.2367
0.2365
0.2369
0.2367
0.2363
0.2371
0.2367
0.2368
0.2363
0.2368
0.2367
0.2360
0.2369
0.2366
0.2370
0.2369
0.2362
0.2363
0.2367
0.2364
0.2366
0.2369
0.2362
0.2368
0.2368
0.2366
0.2364
0.2365
0.2370
0.2368
0.2364
0.2367
0.2365
0.2365
0.2366
0.2370
0.2367
0.2363
0.2367
0.2361
0.2362
0.2364
0.2368
0.2366
0.2369
0.2368
0.2367
0.2368
0.2365
0.2367
0.2365
0.2366
0.2367
0.2364
0.2367
0.2363
0.2368
0.2430
0.2620
0.2499
0.2556
0.2546
0.2552
0.2548
0.2551
0.2549
0.2546
0.2551
0.2550
0.2549
0.2547
0.2554
0.2548
0.2553
0.2549
0.2552
0.2548
0.2554
0.2552
0.2546
0.2551
0.2546
0.2549
0.2550
0.2550
0.2548
0.2547
0.2546
0.2548
0.2550
0.2551
0.2545
0.2550
0.2545
0.2547
0.2548
0.2548
0.2545
0.2557
0.2555
0.2546
0.2550
0.2549
0.2556
0.2553
0.2550
0.2547
0.2554
0.2544
0.2547
0.2555
0.2548
0.2555
0.2548
0.2550
0.2549
0.2548
0.2548
0.2550
0.2550
0.2546
0.2552
0.2552
0.2548
0.2550
0.2549
0.2550
0.2546
0.2550
0.2553
0.2548
0.2547
0.2546
0.2547
0.2546
0.2548
0.2549
0.2548
0.2551
0.2550
0.2551
0.2549
0.2552
0.2546
0.2554
0.2551
0.2548
0.2551
0.2545
0.2552
0.2550
0.2545
0.2552
0.2546
0.2545
0.2549
0.2546
0.2554
0.2549
0.2545
0.2550
0.2549
0.2551
0.2551
0.2545
0.2545
0.2545
0.2547
0.2548
0.2549
0.2548
0.2546
0.2549
0.2548
0.2548
0.2546
0.2545
0.2548
0.2544
0.2548
0.2553
0.2548
0.2546
0.2548
0.2546
0.2553
0.2547
0.2547
0.2548
0.2550
0.2546
0.2544
0.2549
0.2552
0.2546
0.2549
0.2544
0.2545
0.2548
0.2553
0.2554
0.2545
0.2546
0.2546
0.2546
0.2557
0.2550
0.2544
0.2548
0.2545
0.2545
0.2551
0.2548
0.2547
0.2551
0.2551
0.2546
0.2549
0.2550
0.2541
0.2549
0.2552
0.2548
0.2542
0.2548
0.2549
0.2547
0.2548
0.2550
0.2551
0.2542
0.2546
0.2548
0.2550
0.2549
0.2548
0.2546
0.2548
0.2544
0.2545
0.2549
0.2551
0.2543
0.2549
0.2543
0.2554
0.2546
0.2549
0.2549
0.2550
0.2549
0.2550
0.2550
0.2549
0.2545
0.2552
0.2545
0.2549
0.2548
0.2548
0.2551
0.2547
0.2545
0.2545
0.2550
0.2546
0.2546
0.2547
0.2549
0.2548
0.2543
0.2543
0.2548
0.2548
0.2545
0.2543
0.2547
0.2550
0.2548
0.2545
0.2548
0.2548
0.2545
0.2547
0.2547
0.2546
0.2550
0.2548
0.2549
0.2552
0.2551
0.2549
0.2545
0.2551
0.2546
0.2547
0.2552
0.2551
0.2546
0.2549
0.2548
0.2547
0.2546
0.2547
0.2549
0.2547
0.2550
0.2597
0.2772
0.2667
0.2715
0.2710
0.2713
0.2715
0.2712
0.2714
0.2713
0.2711
0.2710
0.2711
0.2709
0.2713
0.2709
0.2713
0.2711
0.2715
0.2711
0.2707
0.2713
0.2714
0.2712
0.2708
0.2714
0.2713
0.2713
0.2710
0.2709
0.2712
0.2711
0.2710
0.2708
0.2711
0.2710
0.2712
0.2709
0.2713
0.2713
0.2708
0.2707
0.2712
0.2713
0.2713
0.2715
0.2708
0.2712
0.2710
0.2713
0.2714
0.2709
0.2710
0.2712
0.2711
0.2709
0.2710
0.2709
0.2712
0.2710
0.2716
0.2712
0.2708
0.2710
0.2713
0.2709
0.2709
0.2709
0.2713
0.2707
0.2714
0.2708
0.2710
0.2708
0.2711
0.2713
0.2709
0.2714
0.2711
0.2714
0.2712
0.2710
0.2711
0.2712
0.2711
0.2713
0.2707
0.2712
0.2710
0.2709
0.2709
0.2708
0.2714
0.2712
0.2711
0.2711
0.2708
0.2707
0.2711
0.2710
0.2711
0.2715
0.2709
0.2710
0.2714
0.2710
0.2710
0.2710
0.2712
0.2711
0.2709
0.2713
0.2717
0.2712
0.2707
0.2710
0.2709
0.2716
0.2708
0.2710
0.2708
0.2714
0.2712
0.2712
0.2712
0.2711
0.2711
0.2707
0.2710
0.2709
0.2709
0.2711
0.2710
0.2711
0.2711
0.2714
0.2711
0.2711
0.2706
0.2710
0.2717
0.2714
0.2709
0.2713
0.2716
0.2716
0.2712
0.2709
0.2716
0.2715
0.2713
0.2713
0.2711
0.2707
0.2712
0.2710
0.2706
0.2715
0.2711
0.2708
0.2707
0.2710
0.2711
0.2708
0.2709
0.2710
0.2712
0.2710
0.2715
0.2712
0.2711
0.2708
0.2712
0.2711
0.2710
0.2708
0.2708
0.2710
0.2709
0.2706
0.2708
0.2709
0.2709
0.2705
0.2715
0.2709
0.2711
0.2714
0.2713
0.2707
0.2713
0.2709
0.2711
0.2710
0.2706
0.2708
0.2708
0.2710
0.2707
0.2713
0.2711
0.2715
0.2710
0.2711
0.2711
0.2712
0.2708
0.2710
0.2713
0.2707
0.2708
0.2710
0.2716
0.2710
0.2711
0.2711
0.2706
0.2711
0.2713
0.2707
0.2707
0.2708
0.2711
0.2708
0.2709
0.2705
0.2709
0.2711
0.2706
0.2708
0.2707
0.2710
0.2712
0.2709
0.2711
0.2711
0.2712
0.2709
0.2709
0.2711
0.2713
0.2708
0.2708
0.2709
0.2710
0.2706
0.2712
0.2709
0.2712
0.2714
0.2759
0.2950
0.2821
0.2877
0.2871
0.2868
0.2875
0.2866
0.2873
0.2873
0.2869
0.2873
0.2872
0.2868
0.2868
0.2870
0.2870
0.2873
0.2870
0.2868
0.2872
0.2868
0.2870
0.2871
0.2871
0.2871
0.2867
0.2869
0.2872
0.2872
0.2874
0.2874
0.2871
0.2870
0.2871
0.2872
0.2868
0.2872
0.2868
0.2868
0.2873
0.2869
0.2872
0.2870
0.2873
0.2873
0.2871
0.2873
0.2869
0.2871
0.2870
0.2874
0.2873
0.2873
0.2870
0.2872
0.2871
0.2868
0.2872
0.2869
0.2867
0.2868
0.2870
0.2872
0.2871
0.2872
0.2870
0.2871
0.2870
0.2871
0.2870
0.2866
0.2871
0.2870
0.2874
0.2869
0.2871
0.2867
0.2869
0.2872
0.2869
0.2872
0.2870
0.2871
0.2866
0.2872
0.2867
0.2873
0.2868
0.2870
0.2870
0.2870
0.2875
0.2871
0.2869
0.2873
0.2870
0.2871
0.2867
0.2871
0.2872
0.2869
0.2868
0.2870
0.2873
0.2869
0.2870
0.2869
0.2870
0.2870
0.2871
0.2873
0.2871
0.2872
0.2869
0.2869
0.2871
0.2872
0.2867
0.2873
0.2871
0.2870
0.2869
0.2876
0.2870
0.2868
0.2872
0.2875
0.2872
0.2871
0.2869
0.2871
0.2870
0.2867
0.2870
0.2871
0.2870
0.2869
0.2873
0.2868
0.2870
0.2870
0.2867
0.2868
0.2867
0.2869
0.2869
0.2869
0.2873
0.2868
0.2868
0.2867
0.2866
0.2874
0.2870
0.2872
0.2870
0.2871
0.2872
0.2870
0.2873
0.2870
0.2868
0.2868
0.2869
0.2869
0.2869
0.2874
0.2871
0.2867
0.2873
0.2866
0.2869
0.2869
0.2870
0.2868
0.2869
0.2870
0.2870
0.2868
0.2873
0.2868
0.2872
0.2868
0.2869
0.2868
0.2869
0.2871
0.2869
0.2870
0.2870
0.2870
0.2869
0.2867
0.2868
0.2871
0.2872
0.2871
0.2870
0.2869
0.2867
0.2870
0.2866
0.2871
0.2869
0.2870
0.2872
0.2871
0.2868
0.2869
0.2870
0.2868
0.2870
0.2866
0.2868
0.2867
0.2869
0.2868
0.2870
0.2870
0.2870
0.2867
0.2872
0.2871
0.2872
0.2870
0.2867
0.2870
0.2870
0.2870
0.2872
0.2870
0.2868
0.2876
0.2868
0.2871
0.2868
0.2871
0.2869
0.2870
0.2871
0.2871
0.2867
0.2869
0.2871
0.2869
0.2869
0.2868
0.2869
0.2869
0.2926
0.3124
0.3005
0.3055
0.3045
0.3052
0.3049
0.3052
0.3050
0.3047
0.3053
0.3045
0.3044
0.3051
0.3047
0.3047
0.3042
0.3046
0.3048
0.3042
0.3048
0.3049
0.3049
0.3042
0.3049
0.3047
0.3044
0.3045
0.3044
0.3043
0.3045
0.3049
0.3048
0.3044
0.3046
0.3049
0.3044
0.3046
0.3047
0.3053
0.3043
0.3051
0.3047
0.3048
0.3044
0.3047
0.3046
0.3052
0.3044
0.3044
0.3047
0.3044
0.3044
0.3041
0.3046
0.3050
0.3045
0.3048
0.3047
0.3040
0.3044
0.3047
0.3046
0.3041
0.3046
0.3044
0.3050
0.3044
0.3046
0.3048
0.3046
0.3047
0.3043
0.3045
0.3047
0.3050
0.3046
0.3048
0.3048
0.3046
0.3045
0.3044
0.3050
0.3046
0.3048
0.3040
0.3046
0.3043
0.3045
0.3047
0.3047
0.3043
0.3044
0.3047
0.3045
0.3041
0.3045
0.3046
0.3047
0.3049
0.3048
0.3047
0.3044
0.3049
0.3048
0.3045
0.3050
0.3046
0.3045
0.3051
0.3045
0.3045
0.3047
0.3044
0.3044
0.3049
0.3048
0.3048
0.3044
0.3044
0.3047
0.3042
0.3045
0.3043
0.3045
0.3047
0.3048
0.3043
0.3046
0.3047
0.3049
0.3044
0.3044
0.3046
0.3044
0.3049
0.3045
0.3047
0.3047
0.3048
0.3046
0.3049
0.3045
0.3043
0.3041
0.3047
0.3048
0.3048
0.3047
0.3048
0.3049
0.3044
0.3048
0.3042
0.3046
0.3046
0.3049
0.3048
0.3046
0.3042
0.3043
0.3041
0.3046
0.3047
0.3041
0.3043
0.3048
0.3048
0.3045
0.3045
0.3049
0.3049
0.3049
0.3047
0.3045
0.3043
0.3048
0.3048
0.3050
0.3051
0.3041
0.3041
0.3047
0.3049
0.3042
0.3045
0.3044
0.3046
0.3043
0.3043
0.3046
0.3042
0.3046
0.3041
0.3047
0.3048
0.3045
0.3047
0.3043
0.3044
0.3040
0.3042
0.3045
0.3045
0.3046
0.3045
0.3045
0.3047
0.3043
0.3042
0.3046
0.3046
0.3042
0.3043
0.3047
0.3046
0.3042
0.3046
0.3046
0.3046
0.3047
0.3043
0.3043
0.3044
0.3050
0.3043
0.3044
0.3047
0.3043
0.3045
0.3041
0.3043
0.3046
0.3050
0.3043
0.3047
0.3047
0.3046
0.3041
0.3045
0.3045
0.3043
0.3041
0.3041
0.3041
0.3044
0.3045
0.3045
0.3047
0.3047
0.3099
0.3295
0.3167
0.3232
0.3222
0.3218
0.3222
0.3223
0.3222
0.3219
0.3220
0.3225
0.3219
0.3221
0.3216
0.3222
0.3221
0.3217
0.3219
0.3224
0.3221
0.3218
0.3218
0.3222
0.3224
0.3221
0.3220
0.3222
0.3219
0.3224
0.3221
0.3223
0.3217
0.3221
0.3221
0.3221
0.3222
0.3219
0.3217
0.3222
0.3222
0.3218
0.3223
0.3221
0.3219
0.3224
0.3220
0.3220
0.3222
0.3223
0.3220
0.3222
0.3222
0.3217
0.3224
0.3223
0.3221
0.3216
0.3220
0.3214
0.3218
0.3220
0.3220
0.3218
0.3218
0.3222
0.3216
0.3215
0.3221
0.3225
0.3221
0.3219
0.3222
0.3224
0.3223
0.3223
0.3218
0.3222
0.3222
0.3215
0.3221
0.3218
0.3222
0.3224
0.3225
0.3218
0.3222
0.3215
0.3219
0.3227
0.3225
0.3224
0.3220
0.3223
0.3220
0.3223
0.3222
0.3216
0.3219
0.3225
0.3220
0.3220
0.3219
0.3219
0.3221
0.3218
0.3224
0.3217
0.3222
0.3223
0.3222
0.3220
0.3222
0.3220
0.3221
0.3221
0.3222
0.3219
0.3221
0.3218
0.3220
0.3219
0.3222
0.3215
0.3220
0.3223
0.3219
0.3219
0.3224
0.3222
0.3219
0.3215
0.3225
0.3219
0.3218
0.3218
0.3217
0.3224
0.3222
0.3221
0.3219
0.3219
0.3219
0.3220
0.3223
0.3226
0.3221
0.3222
0.3217
0.3221
0.3222
0.3219
0.3225
0.3224
0.3219
0.3219
0.3218
0.3219
0.3218
0.3221
0.3215
0.3221
0.3223
0.3219
0.3221
0.3223
0.3215
0.3222
0.3219
0.3220
0.3220
0.3224
0.3219
0.3221
0.3215
0.3219
0.3218
0.3217
0.3219
0.3218
0.3217
0.3212
0.3219
0.3215
0.3217
0.3219
0.3224
0.3225
0.3223
0.3215
0.3213
0.3222
0.3225
0.3222
0.3220
0.3219
0.3214
0.3214
0.3218
0.3221
0.3219
0.3222
0.3222
0.3217
0.3221
0.3217
0.3218
0.3219
0.3216
0.3214
0.3220
0.3216
0.3221
0.3218
0.3221
0.3222
0.3224
0.3218
0.3221
0.3219
0.3218
0.3220
0.3211
0.3219
0.3216
0.3219
0.3219
0.3216
0.3216
0.3214
0.3218
0.3222
0.3221
0.3225
0.3224
0.3222
0.3222
0.3214
0.3217
0.3222
0.3217
0.3220
0.3219
0.3211
0.3215
0.3215
0.3218
0.3219
0.3219
0.3216
0.3263
0.3448
0.3336
0.3374
0.3373
0.3375
0.3380
0.3372
0.3376
0.3378
0.3379
0.3377
0.3377
0.3371
0.3371
0.3376
0.3370
0.3371
0.3375
0.3378
0.3378
0.3372
0.3371
0.3374
0.3379
0.3373
0.3374
0.3371
0.3375
0.3380
0.3372
0.3374
0.3373
0.3377
0.3375
0.3376
0.3377
0.3376
0.3375
0.3381
0.3372
0.3375
0.3375
0.3378
0.3375
0.3376
0.3375
0.3376
0.3377
0.3377
0.3372
0.3376
0.3380
0.3373
0.3373
0.3374
0.3372
0.3375
0.3373
0.3378
0.3375
0.3374
0.3372
0.3377
0.3379
0.3371
0.3374
0.3372
0.3379
0.3371
0.3376
0.3375
0.3373
0.3372
0.3376
0.3371
0.3375
0.3379
0.3372
0.3375
0.3371
0.3374
0.3375
0.3377
0.3375
0.3380
0.3375
0.3372
0.3378
0.3375
0.3375
0.3376
0.3371
0.3373
0.3373
0.3374
0.3374
0.3371
0.3374
0.3374
0.3372
0.3370
0.3374
0.3371
0.3372
0.3377
0.3373
0.3375
0.3375
0.3376
0.3370
0.3373
0.3375
0.3374
0.3377
0.3375
0.3373
0.3373
0.3370
0.3375
0.3371
0.3379
0.3375
0.3379
0.3373
0.3375
0.3373
0.3375
0.3371
0.3373
0.3374
0.3371
0.3373
0.3374
0.3373
0.3373
0.3378
0.3370
0.3377
0.3376
0.3371
0.3370
0.3376
0.3374
0.3376
0.3374
0.3372
0.3375
0.3373
0.3373
0.3374
0.3369
0.3374
0.3376
0.3375
0.3375
0.3375
0.3372
0.3376
0.3373
0.3373
0.3374
0.3374
0.3373
0.3371
0.3375
0.3377
0.3369
0.3376
0.3374
0.3371
0.3374
0.3375
0.3373
0.3377
0.3374
0.3371
0.3371
0.3372
0.3378
0.3375
0.3374
0.3371
0.3370
0.3371
0.3374
0.3372
0.3374
0.3375
0.3370
0.3373
0.3374
0.3374
0.3373
0.3373
0.3367
0.3376
0.3372
0.3370
0.3370
0.3371
0.3379
0.3373
0.3372
0.3370
0.3373
0.3370
0.3374
0.3375
0.3370
0.3374
0.3377
0.3371
0.3371
0.3369
0.3369
0.3377
0.3371
0.3376
0.3373
0.3371
0.3369
0.3372
0.3370
0.3374
0.3373
0.3371
0.3375
0.3373
0.3372
0.3368
0.3370
0.3371
0.3375
0.3372
0.3372
0.3375
0.3369
0.3371
0.3372
0.3372
0.3368
0.3372
0.3372
0.3376
0.3373
0.3372
0.3367
0.3373
0.3369
0.3416
0.3622
0.3497
0.3560
0.3552
0.3548
0.3548
0.3550
0.3548
0.3554
0.3547
0.3550
0.3547
0.3550
0.3545
0.3551
0.3546
0.3547
0.3546
0.3546
0.3553
0.3543
0.3546
0.3548
0.3549
0.3548
0.3548
0.3546
0.3543
0.3548
0.3542
0.3546
0.3547
0.3546
0.3545
0.3547
0.3551
0.3548
0.3551
0.3548
0.3551
0.3549
0.3548
0.3545
0.3546
0.3546
0.3549
0.3547
0.3549
0.3541
0.3544
0.3547
0.3545
0.3550
0.3545
0.3553
0.3544
0.3548
0.3547
0.3547
0.3550
0.3548
0.3547
0.3548
0.3546
0.3547
0.3543
0.3549
0.3548
0.3546
0.3550
0.3544
0.3544
0.3544
0.3548
0.3549
0.3544
0.3545
0.3545
0.3546
0.3545
0.3548
0.3547
0.3544
0.3546
0.3537
0.3548
0.3545
0.3551
0.3545
0.3545
0.3550
0.3547
0.3542
0.3544
0.3547
0.3545
0.3546
0.3552
0.3545
0.3547
0.3548
0.3551
0.3549
0.3551
0.3548
0.3548
0.3543
0.3548
0.3548
0.3547
0.3543
0.3544
0.3544
0.3544
0.3547
0.3545
0.3546
0.3544
0.3545
0.3548
0.3543
0.3546
0.3547
0.3539
0.3547
0.3547
0.3540
0.3537
0.3544
0.3545
0.3544
0.3547
0.3547
0.3546
0.3546
0.3545
0.3546
0.3544
0.3541
0.3546
0.3541
0.3544
0.3550
0.3550
0.3544
0.3547
0.3545
0.3549
0.3547
0.3544
0.3545
0.3546
0.3549
0.3541
0.3544
0.3544
0.3547
0.3545
0.3545
0.3548
0.3545
0.3544
0.3543
0.3547
0.3546
0.3548
0.3541
0.3541
0.3541
0.3545
0.3544
0.3545
0.3544
0.3549
0.3545
0.3545
0.3540
0.3544
0.3543
0.3544
0.3544
0.3539
0.3544
0.3545
0.3537
0.3543
0.3543
0.3543
0.3544
0.3549
0.3545
0.3543
0.3542
0.3544
0.3542
0.3539
0.3542
0.3543
0.3539
0.3542
0.3542
0.3546
0.3544
0.3546
0.3542
0.3543
0.3542
0.3542
0.3542
0.3542
0.3544
0.3543
0.3539
0.3542
0.3549
0.3544
0.3549
0.3543
0.3547
0.3547
0.3541
0.3545
0.3546
0.3541
0.3546
0.3541
0.3540
0.3541
0.3543
0.3549
0.3545
0.3542
0.3544
0.3539
0.3548
0.3545
0.3543
0.3547
0.3546
0.3545
0.3545
0.3539
0.3545
0.3541
0.3546
0.3540
0.3542
0.3543
0.3546
0.3599
0.3794
0.3668
0.3730
0.3720
0.3724
0.3720
0.3718
0.3717
0.3720
0.3720
0.3720
0.3720
0.3721
0.3721
0.3720
0.3720
0.3722
0.3718
0.3722
0.3718
0.3719
0.3720
0.3724
0.3719
0.3720
0.3721
0.3720
0.3719
0.3717
0.3720
0.3720
0.3718
0.3719
0.3718
0.3714
0.3720
0.3719
0.3719
0.3719
0.3717
0.3718
0.3718
0.3716
0.3722
0.3721
0.3720
0.3714
0.3722
0.3718
0.3720
0.3720
0.3720
0.3719
0.3716
0.3720
0.3724
0.3719
0.3715
0.3719
0.3719
0.3718
0.3719
0.3716
0.3724
0.3716
0.3720
0.3719
0.3718
0.3718
0.3720
0.3718
0.3718
0.3720
0.3722
0.3717
0.3721
0.3716
0.3716
0.3715
0.3717
0.3721
0.3719
0.3718
0.3716
0.3718
0.3720
0.3719
0.3717
0.3722
0.3718
0.3724
0.3718
0.3720
0.3716
0.3717
0.3716
0.3722
0.3719
0.3718
0.3718
0.3720
0.3719
0.3713
0.3719
0.3714
0.3721
0.3722
0.3719
0.3719
0.3722
0.3717
0.3716
0.3715
0.3721
0.3719
0.3719
0.3723
0.3722
0.3718
0.3719
0.3722
0.3715
0.3714
0.3717
0.3718
0.3722
0.3720
0.3721
0.3716
0.3722
0.3719
0.3718
0.3716
0.3716
0.3718
0.3720
0.3717
0.3721
0.3716
0.3718
0.3715
0.3716
0.3716
0.3717
0.3718
0.3716
0.3726
0.3716
0.3716
0.3717
0.3721
0.3722
0.3717
0.3723
0.3716
0.3714
0.3719
0.3719
0.3716
0.3718
0.3716
0.3720
0.3715
0.3715
0.3716
0.3721
0.3714
0.3721
0.3716
0.3719
0.3716
0.3716
0.3715
0.3714
0.3712
0.3717
0.3722
0.3710
0.3716
0.3712
0.3715
0.3722
0.3718
0.3716
0.3718
0.3718
0.3718
0.3717
0.3717
0.3716
0.3721
0.3720
0.3719
0.3713
0.3718
0.3718
0.3717
0.3719
0.3716
0.3716
0.3717
0.3714
0.3715
0.3716
0.3717
0.3712
0.3715
0.3719
0.3713
0.3718
0.3720
0.3716
0.3718
0.3721
0.3715
0.3718
0.3718
0.3717
0.3717
0.3716
0.3718
0.3714
0.3713
0.3718
0.3720
0.3721
0.3717
0.3718
0.3720
0.3721
0.3717
0.3715
0.3714
0.3713
0.3714
0.3717
0.3720
0.3714
0.3715
0.3721
0.3717
0.3716
0.3714
0.3714
0.3714
0.3721
0.3714
0.3714
0.3711
0.3767
0.3947
0.3824
0.3882
0.3872
0.3873
0.3876
0.3868
0.3874
0.3869
0.3871
0.3872
0.3873
0.3870
0.3871
0.3869
0.3874
0.3869
0.3872
0.3878
0.3867
0.3874
0.3868
0.3869
0.3872
0.3872
0.3872
0.3874
0.3874
0.3869
0.3869
0.3868
0.3873
0.3873
0.3867
0.3868
0.3873
0.3872
0.3874
0.3869
0.3871
0.3873
0.3869
0.3875
0.3869
0.3871
0.3875
0.3870
0.3869
0.3872
0.3872
0.3871
0.3874
0.3871
0.3872
0.3873
0.3873
0.3868
0.3874
0.3870
0.3871
0.3873
0.3872
0.3869
0.3870
0.3870
0.3873
0.3870
0.3868
0.3871
0.3867
0.3870
0.3869
0.3868
0.3866
0.3866
0.3875
0.3874
0.3868
0.3868
0.3873
0.3870
0.3876
0.3870
0.3869
0.3871
0.3872
0.3871
0.3872
0.3871
0.3872
0.3873
0.3868
0.3870
0.3873
0.3872
0.3869
0.3870
0.3874
0.3864
0.3873
0.3872
0.3870
0.3868
0.3872
0.3868
0.3870
0.3868
0.3869
0.3871
0.3873
0.3872
0.3867
0.3874
0.3870
0.3867
0.3866
0.3868
0.3867
0.3871
0.3868
0.3870
0.3871
0.3868
0.3872
0.3871
0.3871
0.3870
0.3866
0.3870
0.3872
0.3869
0.3869
0.3868
0.3872
0.3866
0.3870
0.3869
0.3871
0.3873
0.3868
0.3872
0.3866
0.3871
0.3870
0.3874
0.3866
0.3869
0.3868
0.3870
0.3872
0.3870
0.3872
0.3866
0.3871
0.3870
0.3870
0.3873
0.3867
0.3867
0.3869
0.3870
0.3869
0.3870
0.3872
0.3870
0.3870
0.3874
0.3871
0.3868
0.3871
0.3870
0.3870
0.3871
0.3869
0.3869
0.3873
0.3868
0.3867
0.3866
0.3871
0.3869
0.3870
0.3868
0.3869
0.3870
0.3869
0.3868
0.3869
0.3865
0.3873
0.3869
0.3870
0.3868
0.3868
0.3874
0.3869
0.3867
0.3864
0.3871
0.3872
0.3872
0.3870
0.3872
0.3869
0.3870
0.3865
0.3874
0.3870
0.3871
0.3870
0.3868
0.3871
0.3872
0.3873
0.3871
0.3867
0.3868
0.3868
0.3870
0.3867
0.3867
0.3865
0.3868
0.3873
0.3870
0.3867
0.3869
0.3869
0.3871
0.3868
0.3867
0.3870
0.3870
0.3870
0.3864
0.3871
0.3867
0.3872
0.3867
0.3869
0.3870
0.3871
0.3865
0.3869
0.3871
0.3865
0.3869
0.3870
0.3870
0.3912
0.4114
0.3984
0.4045
0.4035
0.4034
0.4037
0.4039
0.4036
0.4032
0.4038
0.4038
0.4036
0.4035
0.4040
0.4044
0.4039
0.4038
0.4037
0.4036
0.4036
0.4038
0.4036
0.4036
0.4036
0.4034
0.4035
0.4033
0.4036
0.4036
0.4034
0.4035
0.4037
0.4037
0.4031
0.4034
0.4035
0.4035
0.4032
0.4032
0.4032
0.4034
0.4035
0.4036
0.4035
0.4033
0.4038
0.4038
0.4035
0.4034
0.4033
0.4035
0.4037
0.4038
0.4033
0.4031
0.4038
0.4039
0.4034
0.4034
0.4038
0.4034
0.4037
0.4030
0.4034
0.4036
0.4031
0.4033
0.4036
0.4033
0.4035
0.4037
0.4033
0.4029
0.4034
0.4033
0.4030
0.4035
0.4034
0.4033
0.4036
0.4033
0.4035
0.4034
0.4032
0.4032
0.4037
0.4031
0.4034
0.4034
0.4035
0.4034
0.4036
0.4033
0.4033
0.4027
0.4038
0.4030
0.4031
0.4034
0.4027
0.4033
0.4036
0.4034
0.4035
0.4037
0.4032
0.4029
0.4035
0.4032
0.4032
0.4032
0.4034
0.4039
0.4027
0.4033
0.4035
0.4036
0.4036
0.4033
0.4030
0.4034
0.4034
0.4037
0.4033
0.4032
0.4034
0.4036
0.4038
0.4033
0.4035
0.4029
0.4031
0.4030
0.4029
0.4035
0.4038
0.4037
0.4028
0.4033
0.4036
0.4036
0.4030
0.4033
0.4030
0.4033
0.4032
0.4032
0.4034
0.4031
0.4034
0.4030
0.4030
0.4034
0.4032
0.4032
0.4032
0.4032
0.4029
0.4036
0.4034
0.4033
0.4031
0.4032
0.4036
0.4028
0.4034
0.4035
0.4032
0.4029
0.4030
0.4029
0.4034
0.4030
0.4033
0.4028
0.4035
0.4033
0.4031
0.4031
0.4032
0.4030
0.4025
0.4030
0.4032
0.4032
0.4030
0.4036
0.4031
0.4034
0.4032
0.4032
0.4032
0.4032
0.4034
0.4032
0.4031
0.4028
0.4030
0.4029
0.4034
0.4032
0.4032
0.4029
0.4033
0.4032
0.4029
0.4032
0.4030
0.4033
0.4033
0.4030
0.4031
0.4032
0.4033
0.4031
0.4029
0.4034
0.4030
0.4031
0.4034
0.4030
0.4032
0.4032
0.4028
0.4030
0.4032
0.4031
0.4035
0.4026
0.4031
0.4030
0.4030
0.4032
0.4027
0.4032
0.4028
0.4029
0.4029
0.4032
0.4030
0.4032
0.4030
0.4028
0.4032
0.4028
0.4028
0.4026
0.4028
0.4029
0.4083
0.4280
0.4158
0.4218
0.4209
0.4207
0.4210
0.4204
0.4202
0.4204
0.4211
0.4205
0.4208
0.4207
0.4210
0.4207
0.4213
0.4205
0.4203
0.4208
0.4206
0.4205
0.4205
0.4208
0.4203
0.4210
0.4209
0.4204
0.4211
0.4209
0.4204
0.4209
0.4200
0.4210
0.4209
0.4201
0.4211
0.4206
0.4208
0.4203
0.4204
0.4203
0.4202
0.4207
0.4206
0.4209
0.4204
0.4205
0.4206
0.4206
0.4206
0.4204
0.4210
0.4207
0.4206
0.4204
0.4211
0.4209
0.4206
0.4204
0.4207
0.4205
0.4207
0.4204
0.4204
0.4204
0.4205
0.4207
0.4201
0.4206
0.4201
0.4204
0.4202
0.4206
0.4200
0.4202
0.4207
0.4202
0.4209
0.4204
0.4210
0.4210
0.4203
0.4206
0.4207
0.4206
0.4204
0.4205
0.4204
0.4205
0.4202
0.4204
0.4208
0.4209
0.4206
0.4206
0.4204
0.4207
0.4205
0.4210
0.4206
0.4208
0.4207
0.4203
0.4204
0.4204
0.4204
0.4200
0.4202
0.4210
0.4210
0.4206
0.4207
0.4207
0.4210
0.4204
0.4207
0.4206
0.4203
0.4204
0.4202
0.4203
0.4198
0.4201
0.4206
0.4201
0.4202
0.4205
0.4204
0.4209
0.4206
0.4203
0.4204
0.4202
0.4205
0.4204
0.4212
0.4200
0.4202
0.4208
0.4203
0.4202
0.4202
0.4204
0.4206
0.4203
0.4207
0.4203
0.4205
0.4206
0.4206
0.4201
0.4205
0.4201
0.4205
0.4201
0.4210
0.4202
0.4205
0.4208
0.4202
0.4206
0.4204
0.4203
0.4208
0.4205
0.4207
0.4207
0.4200
0.4202
0.4208
0.4202
0.4204
0.4203
0.4198
0.4206
0.4206
0.4208
0.4206
0.4202
0.4199
0.4202
0.4205
0.4202
0.4206
0.4206
0.4204
0.4206
0.4204
0.4202
0.4203
0.4200
0.4203
0.4202
0.4206
0.4203
0.4200
0.4201
0.4207
0.4201
0.4205
0.4203
0.4204
0.4205
0.4205
0.4206
0.4201
0.4200
0.4208
0.4197
0.4205
0.4204
0.4200
0.4202
0.4201
0.4199
0.4203
0.4199
0.4200
0.4200
0.4203
0.4202
0.4206
0.4201
0.4206
0.4196
0.4200
0.4201
0.4205
0.4202
0.4202
0.4200
0.4202
0.4202
0.4203
0.4206
0.4205
0.4201
0.4203
0.4202
0.4202
0.4205
0.4206
0.4201
0.4202
0.4201
0.4203
0.4204
0.4202
0.4200
0.4251
0.4433
0.4330
0.4361
0.4362
0.4364
0.4361
0.4365
0.4359
0.4367
0.4365
0.4365
0.4362
0.4360
0.4362
0.4359
0.4361
0.4356
0.4363
0.4357
0.4366
0.4361
0.4361
0.4365
0.4365
0.4362
0.4363
0.4356
0.4366
0.4361
0.4367
0.4364
0.4364
0.4365
0.4361
0.4359
0.4356
0.4356
0.4356
0.4363
0.4365
0.4361
0.4361
0.4355
0.4364
0.4361
0.4359
0.4362
0.4357
0.4359
0.4357
0.4361
0.4359
0.4359
0.4360
0.4363
0.4358
0.4365
0.4361
0.4357
0.4360
0.4361
0.4364
0.4362
0.4356
0.4356
0.4362
0.4359
0.4363
0.4361
0.4360
0.4359
0.4361
0.4352
0.4365
0.4359
0.4364
0.4361
0.4354
0.4359
0.4359
0.4366
0.4362
0.4360
0.4361
0.4360
0.4359
0.4362
0.4363
0.4362
0.4362
0.4361
0.4361
0.4360
0.4360
0.4364
0.4365
0.4359
0.4357
0.4361
0.4356
0.4361
0.4364
0.4359
0.4362
0.4361
0.4361
0.4359
0.4360
0.4362
0.4354
0.4363
0.4361
0.4360
0.4358
0.4363
0.4361
0.4359
0.4357
0.4362
0.4363
0.4361
0.4358
0.4360
0.4356
0.4361
0.4357
0.4367
0.4360
0.4360
0.4359
0.4356
0.4360
0.4356
0.4359
0.4357
0.4359
0.4359
0.4361
0.4360
0.4359
0.4361
0.4361
0.4359
0.4360
0.4362
0.4356
0.4358
0.4361
0.4361
0.4357
0.4358
0.4361
0.4359
0.4357
0.4358
0.4357
0.4359
0.4359
0.4355
0.4361
0.4362
0.4361
0.4358
0.4361
0.4361
0.4361
0.4361
0.4362
0.4358
0.4361
0.4359
0.4355
0.4359
0.4359
0.4359
0.4363
0.4357
0.4357
0.4362
0.4351
0.4359
0.4360
0.4361
0.4359
0.4358
0.4361
0.4356
0.4359
0.4358
0.4358
0.4357
0.4358
0.4357
0.4357
0.4358
0.4360
0.4354
0.4360
0.4361
0.4360
0.4357
0.4358
0.4357
0.4357
0.4357
0.4354
0.4359
0.4361
0.4358
0.4357
0.4359
0.4356
0.4360
0.4359
0.4354
0.4355
0.4357
0.4357
0.4354
0.4352
0.4356
0.4359
0.4356
0.4359
0.4358
0.4355
0.4359
0.4361
0.4354
0.4360
0.4355
0.4357
0.4358
0.4362
0.4355
0.4352
0.4357
0.4355
0.4352
0.4353
0.4359
0.4357
0.4354
0.4358
0.4354
0.4356
0.4357
0.4358
0.4357
0.4398
0.4592
0.4464
0.4524
0.4514
0.4512
0.4510
0.4517
0.4516
0.4514
0.4510
0.4515
0.4512
0.4511
0.4511
0.4512
0.4517
0.4512
0.4517
0.4518
0.4513
0.4514
0.4514
0.4517
0.4515
0.4512
0.4512
0.4516
0.4516
0.4515
0.4511
0.4508
0.4515
0.4512
0.4513
0.4512
0.4510
0.4511
0.4510
0.4510
0.4516
0.4515
0.4510
0.4510
0.4515
0.4512
0.4518
0.4511
0.4514
0.4512
0.4514
0.4514
0.4514
0.4515
0.4513
0.4512
0.4516
0.4514
0.4514
0.4517
0.4519
0.4512
0.4513
0.4513
0.4517
0.4517
0.4516
0.4518
0.4514
0.4514
0.4511
0.4511
0.4510
0.4511
0.4516
0.4513
0.4512
0.4511
0.4514
0.4513
0.4510
0.4510
0.4512
0.4512
0.4513
0.4516
0.4509
0.4511
0.4512
0.4515
0.4512
0.4512
0.4511
0.4514
0.4514
0.4509
0.4513
0.4510
0.4516
0.4513
0.4515
0.4511
0.4514
0.4513
0.4518
0.4510
0.4513
0.4511
0.4510
0.4515
0.4509
0.4512
0.4513
0.4512
0.4509
0.4513
0.4514
0.4511
0.4512
0.4512
0.4507
0.4513
0.4509
0.4512
0.4509
0.4512
0.4512
0.4513
0.4511
0.4515
0.4507
0.4512
0.4510
0.4507
0.4510
0.4512
0.4515
0.4508
0.4510
0.4515
0.4510
0.4511
0.4514
0.4508
0.4509
0.4518
0.4514
0.4510
0.4510
0.4511
0.4514
0.4511
0.4509
0.4509
0.4507
0.4511
0.4514
0.4511
0.4508
0.4511
0.4510
0.4511
0.4513
0.4515
0.4514
0.4507
0.4508
0.4513
0.4507
0.4509
0.4511
0.4516
0.4511
0.4508
0.4511
0.4512
0.4512
0.4514
0.4510
0.4515
0.4508
0.4508
0.4506
0.4512
0.4516
0.4514
0.4508
0.4512
0.4510
0.4511
0.4511
0.4512
0.4505
0.4512
0.4509
0.4510
0.4513
0.4508
0.4507
0.4511
0.4513
0.4513
0.4511
0.4509
0.4510
0.4511
0.4511
0.4510
0.4509
0.4504
0.4504
0.4508
0.4510
0.4511
0.4511
0.4511
0.4507
0.4512
0.4510
0.4507
0.4509
0.4512
0.4508
0.4508
0.4514
0.4510
0.4505
0.4511
0.4507
0.4508
0.4508
0.4506
0.4507
0.4511
0.4510
0.4510
0.4505
0.4512
0.4503
0.4514
0.4510
0.4512
0.4505
0.4507
0.4511
0.4507
0.4506
0.4507
0.4508
0.4509
0.2864
-0.3206
0.3597
-0.3604
0.3617
-0.3300
0.3003
-0.2447
0.2003
-0.1343
0.0861
-0.0228
-0.0205
0.0705
-0.1013
0.1344
-0.1468
0.1623
-0.1585
0.1585
-0.1394
0.1291
-0.1029
0.0860
-0.0565
0.0385
-0.0107
-0.0045
0.0272
-0.0356
0.0518
-0.0553
0.0629
-0.0598
0.0621
-0.0528
0.0512
-0.0385
0.0365
-0.0212
0.0193
-0.0065
0.0036
0.0053
-0.0050
0.0121
-0.0081
0.0144
-0.0081
0.0123
-0.0049
0.0079
-0.0010
0.0031
0.0029
0.0027
0.0028
0.0020
0.0025
0.0028
0.0027
0.0023
0.0025
0.0028
0.0031
0.0028
0.0029
0.0029
0.0027
0.0031
0.0026
0.0026
0.0028
0.0026
0.0029
0.0027
0.0029
0.0026
0.0028
0.0024
0.0027
0.0031
0.0027
0.0029
0.0022
0.0025
0.0021
0.0027
0.0027
0.0032
0.0026
0.0028
0.0027
0.0024
0.0025
0.0027
0.0022
0.0029
0.0030
0.0024
0.0028
0.0025
0.0027
0.0029
0.0027
0.0025
0.0027
0.0028
0.0019
0.0023
0.0018
0.0015
0.0017
0.0018
0.0014
0.0019
0.0020
0.0018
0.0022
0.0021
0.0023
0.0023
0.0013
0.0017
0.0018
0.0010
0.0010
0.0014
0.0015
0.0016
0.0015
0.0016
0.0017
0.0018
0.0020
0.0012
0.0012
0.0010
0.0014
0.0015
0.0018
0.0013
0.0018
0.0013
0.0014
0.0015
0.0014
0.0010
0.0014
0.0014
0.0012
0.0014
0.0019
0.0014
0.0012
0.0017
0.0010
0.0006
0.0019
0.0016
0.0018
0.0013
0.0015
0.0013
0.0013
0.0014
0.0015
0.0012
0.0014
0.0010
0.0013
0.0018
0.0015
0.0017
0.0010
0.0017
0.0016
0.0016
0.0015
0.0007
0.0007
0.0014
0.0010
0.0013
0.0016
0.0014
0.0013
0.0010
0.0019
0.0016
0.0012
0.0007
0.0011
0.0013
0.0010
0.0014
0.0013
0.0016
0.0014
0.0012
0.0012
0.0016
0.0013
0.0008
0.0011
0.0011
0.0008
0.0011
0.0015
0.0011
0.0019
0.0013
0.0010
0.0015
0.0010
